exported_nation_key,observed_occurrences,national_flag_candidate,native_ui_reference,native_mast_reference,status,note
AUS,1,visuals/flags/source/australia.svg,,,candidate_review,"Verify exact spelling, current merged registry and scenario date before assigning; no automatic rename."
All,15,,,,unresolved,"No verified flag assigned. Fictional, neutral, unknown or malformed nation keys need a creator-provided asset or manual review."
Argentina,2,visuals/flags/source/argentina.svg,ui/bottom/flag_argentina,flag_argentina,candidate_review,"Verify exact spelling, current merged registry and scenario date before assigning; no automatic rename."
Australia,241,visuals/flags/source/australia.svg,ui/bottom/flag_australia,flag_civ_australia,candidate_review,"Verify exact spelling, current merged registry and scenario date before assigning; no automatic rename."
Austria,3,visuals/flags/source/austria.svg,,,candidate_review,"Verify exact spelling, current merged registry and scenario date before assigning; no automatic rename."
Bahrain,2,visuals/flags/source/bahrain.svg,,,candidate_review,"Verify exact spelling, current merged registry and scenario date before assigning; no automatic rename."
Belgium,11,visuals/flags/source/belgium.svg,ui/bottom/flag_belgium,"flag_belgium,flag_civ_belgium",candidate_review,"Verify exact spelling, current merged registry and scenario date before assigning; no automatic rename."
Belkan,2,,,,unresolved,"No verified flag assigned. Fictional, neutral, unknown or malformed nation keys need a creator-provided asset or manual review."
Brazil,19,visuals/flags/source/brazil.svg,ui/bottom/flag_brazil,flag_brazil,candidate_review,"Verify exact spelling, current merged registry and scenario date before assigning; no automatic rename."
Canada,5,visuals/flags/source/canada.svg,ui/bottom/flag_canada,flag_canada,candidate_review,"Verify exact spelling, current merged registry and scenario date before assigning; no automatic rename."
Chile,3,visuals/flags/source/chile.svg,ui/bottom/flag_chile,,candidate_review,"Verify exact spelling, current merged registry and scenario date before assigning; no automatic rename."
China,1148,visuals/flags/source/china.svg,ui/bottom/flag_china,"flag_prc,flag_prc",candidate_review,"Verify exact spelling, current merged registry and scenario date before assigning; no automatic rename."
Croatia,4,visuals/flags/source/croatia.svg,,,candidate_review,"Verify exact spelling, current merged registry and scenario date before assigning; no automatic rename."
Cuba,12,visuals/flags/source/cuba.svg,ui/bottom/flag_cuba,flag_cuba,candidate_review,"Verify exact spelling, current merged registry and scenario date before assigning; no automatic rename."
Cyprus,7,visuals/flags/source/cyprus.svg,ui/bottom/flag_cyprus,flag_cyprus,candidate_review,"Verify exact spelling, current merged registry and scenario date before assigning; no automatic rename."
Czech,1,visuals/flags/source/czech_republic.svg,ui/bottom/flag_czech,,candidate_review,"Verify exact spelling, current merged registry and scenario date before assigning; no automatic rename."
DDR,5,visuals/flags/source/east_germany.svg,ui/bottom/flag_ddr,"flag_ddr_ensign,flag_ddr",candidate_review,Historical nation. Preserve its era-specific flag; do not silently convert it into a successor state.
Denmark,22,visuals/flags/source/denmark.svg,ui/bottom/flag_dk,flag_dk,candidate_review,"Verify exact spelling, current merged registry and scenario date before assigning; no automatic rename."
EU,1,,,,unresolved,"No verified flag assigned. Fictional, neutral, unknown or malformed nation keys need a creator-provided asset or manual review."
Ecuador,1,visuals/flags/source/ecuador.svg,ui/bottom/flag_ecuador,,candidate_review,"Verify exact spelling, current merged registry and scenario date before assigning; no automatic rename."
Egypt,37,visuals/flags/source/egypt.svg,ui/bottom/flag_egypt,flag_egypt,candidate_review,Flag design depends on scenario year. Current source design is not suitable for every historical mission.
Erusea,4,,,,unresolved,"No verified flag assigned. Fictional, neutral, unknown or malformed nation keys need a creator-provided asset or manual review."
Finland,4,visuals/flags/source/finland.svg,ui/bottom/flag_finland,"flag_finland,flag_civ_finland",candidate_review,"Verify exact spelling, current merged registry and scenario date before assigning; no automatic rename."
France,480,visuals/flags/source/france.svg,ui/bottom/flag_france,flag_france,candidate_review,"Verify exact spelling, current merged registry and scenario date before assigning; no automatic rename."
GER,8,visuals/flags/source/germany.svg,,,candidate_review,"Verify exact spelling, current merged registry and scenario date before assigning; no automatic rename."
Georgia,1,visuals/flags/source/georgia.svg,,,candidate_review,"Verify exact spelling, current merged registry and scenario date before assigning; no automatic rename."
Germany,159,visuals/flags/source/germany.svg,ui/bottom/flag_ger,flag_ger,candidate_review,"Verify exact spelling, current merged registry and scenario date before assigning; no automatic rename."
Grecee,1,,,,unresolved,"No verified flag assigned. Fictional, neutral, unknown or malformed nation keys need a creator-provided asset or manual review."
Greece,43,visuals/flags/source/greece.svg,ui/bottom/flag_greece,flag_greece,candidate_review,"Verify exact spelling, current merged registry and scenario date before assigning; no automatic rename."
Greenland,1,visuals/flags/source/greenland.svg,,,candidate_review,"Verify exact spelling, current merged registry and scenario date before assigning; no automatic rename."
Hong_Kong,2,visuals/flags/source/hong_kong.svg,,,candidate_review,"Verify exact spelling, current merged registry and scenario date before assigning; no automatic rename."
Hungary,4,visuals/flags/source/hungary.svg,ui/bottom/flag_hungary,flag_hungary,candidate_review,"Verify exact spelling, current merged registry and scenario date before assigning; no automatic rename."
ISAF,2,,,,unresolved,"No verified flag assigned. Fictional, neutral, unknown or malformed nation keys need a creator-provided asset or manual review."
Iceland,3,visuals/flags/source/iceland.svg,ui/bottom/flag_iceland,flag_ice,candidate_review,"Verify exact spelling, current merged registry and scenario date before assigning; no automatic rename."
India,38,visuals/flags/source/india.svg,ui/bottom/flag_india,flag_india,candidate_review,"Verify exact spelling, current merged registry and scenario date before assigning; no automatic rename."
Indonesia,11,visuals/flags/source/indonesia.svg,ui/bottom/flag_indonesia,"flag_indonesia,flag_civ_indonesia",candidate_review,"Verify exact spelling, current merged registry and scenario date before assigning; no automatic rename."
Iran,36,visuals/flags/source/iran.svg,ui/bottom/flag_iran,flag_iran,candidate_review,"Verify exact spelling, current merged registry and scenario date before assigning; no automatic rename."
Iraq,21,visuals/flags/source/iraq.svg,ui/bottom/flag_iraq,flag_iraq,candidate_review,Flag design depends on scenario year. Current source design is not suitable for every historical mission.
Ireland,1,visuals/flags/source/ireland.svg,,,candidate_review,"Verify exact spelling, current merged registry and scenario date before assigning; no automatic rename."
Israel,24,visuals/flags/source/israel.svg,ui/bottom/flag_israel,"flag_israel,flag_civ_israel",candidate_review,"Verify exact spelling, current merged registry and scenario date before assigning; no automatic rename."
Italy,235,visuals/flags/source/italy.svg,ui/bottom/flag_italy,"flag_italy,flag_civ_italy",candidate_review,"Verify exact spelling, current merged registry and scenario date before assigning; no automatic rename."
Japan,155,visuals/flags/source/japan.svg,ui/bottom/flag_japan,flag_civ_japan,candidate_review,"Verify exact spelling, current merged registry and scenario date before assigning; no automatic rename."
KSA,2,visuals/flags/source/saudi_arabia.svg,,,candidate_review,"Verify exact spelling, current merged registry and scenario date before assigning; no automatic rename."
Kazakhstan,4,visuals/flags/source/kazakhstan.svg,,,candidate_review,"Verify exact spelling, current merged registry and scenario date before assigning; no automatic rename."
Kuwait,26,visuals/flags/source/kuwait.svg,ui/bottom/flag_kuwait,flag_kuwait,candidate_review,"Verify exact spelling, current merged registry and scenario date before assigning; no automatic rename."
Lebanon,2,visuals/flags/source/lebanon.svg,,,candidate_review,"Verify exact spelling, current merged registry and scenario date before assigning; no automatic rename."
Liberia,11,visuals/flags/source/liberia.svg,ui/bottom/flag_liberia,flag_liberia,candidate_review,"Verify exact spelling, current merged registry and scenario date before assigning; no automatic rename."
Libya,2,visuals/flags/source/libya.svg,ui/bottom/flag_libya,flag_libya,candidate_review,Flag design depends on scenario year. Current source design is not suitable for every historical mission.
Lithuania,1,visuals/flags/source/lithuania.svg,,,candidate_review,"Verify exact spelling, current merged registry and scenario date before assigning; no automatic rename."
Luxemburg,3,visuals/flags/source/luxembourg.svg,,,candidate_review,"Verify exact spelling, current merged registry and scenario date before assigning; no automatic rename."
Malaysia,5,visuals/flags/source/malaysia.svg,ui/bottom/flag_malaysia,flag_civ_malaysia,candidate_review,"Verify exact spelling, current merged registry and scenario date before assigning; no automatic rename."
Malta,3,visuals/flags/source/malta.svg,ui/bottom/flag_malta,flag_civ_malta,candidate_review,"Verify exact spelling, current merged registry and scenario date before assigning; no automatic rename."
Morocco,9,visuals/flags/source/morocco.svg,ui/bottom/flag_morocco,,candidate_review,"Verify exact spelling, current merged registry and scenario date before assigning; no automatic rename."
Netherlands,68,visuals/flags/source/netherlands.svg,ui/bottom/flag_nl,flag_nl,candidate_review,"Verify exact spelling, current merged registry and scenario date before assigning; no automatic rename."
New Zealand,1,visuals/flags/source/new_zealand.svg,,,candidate_review,"Verify exact spelling, current merged registry and scenario date before assigning; no automatic rename."
NewZealand,24,visuals/flags/source/new_zealand.svg,ui/bottom/flag_nz_state,flag_civ_nz,candidate_review,"Verify exact spelling, current merged registry and scenario date before assigning; no automatic rename."
North_Korea,13,visuals/flags/source/north_korea.svg,ui/bottom/flag_north_korea,"flag_north_korea,flag_civ_north_korea",candidate_review,"Verify exact spelling, current merged registry and scenario date before assigning; no automatic rename."
Norway,30,visuals/flags/source/norway.svg,ui/bottom/flag_no,flag_nor,candidate_review,"Verify exact spelling, current merged registry and scenario date before assigning; no automatic rename."
Oman,1,visuals/flags/source/oman.svg,,,candidate_review,"Verify exact spelling, current merged registry and scenario date before assigning; no automatic rename."
Osea,13,,,,unresolved,"No verified flag assigned. Fictional, neutral, unknown or malformed nation keys need a creator-provided asset or manual review."
Pakistan,20,visuals/flags/source/pakistan.svg,ui/bottom/flag_pakistan,"flag_pak,flag_civ_pakistan",candidate_review,"Verify exact spelling, current merged registry and scenario date before assigning; no automatic rename."
Panama,10,visuals/flags/source/panama.svg,ui/bottom/flag_panama,flag_panama,candidate_review,"Verify exact spelling, current merged registry and scenario date before assigning; no automatic rename."
Peru,8,visuals/flags/source/peru.png,,,candidate_review,"Verify exact spelling, current merged registry and scenario date before assigning; no automatic rename."
Philippines,5,visuals/flags/source/philippines.svg,ui/bottom/flag_philippines,flag_phil,candidate_review,"Verify exact spelling, current merged registry and scenario date before assigning; no automatic rename."
Pirates,27,,ui/bottom/flag_pirates,flag_pirates,unresolved,"No verified flag assigned. Fictional, neutral, unknown or malformed nation keys need a creator-provided asset or manual review."
Poland,14,visuals/flags/source/poland.svg,ui/bottom/flag_poland,flag_pl,candidate_review,"Verify exact spelling, current merged registry and scenario date before assigning; no automatic rename."
Portugal,4,visuals/flags/source/portugal.svg,ui/bottom/flag_portugal,flag_portugal,candidate_review,"Verify exact spelling, current merged registry and scenario date before assigning; no automatic rename."
Qatar,20,visuals/flags/source/qatar.svg,ui/bottom/flag_qatar,,candidate_review,"Verify exact spelling, current merged registry and scenario date before assigning; no automatic rename."
RU,7,visuals/flags/source/russia.svg,,,candidate_review,"Verify exact spelling, current merged registry and scenario date before assigning; no automatic rename."
RoC,5,visuals/flags/source/taiwan.svg,ui/bottom/flag_roc,,candidate_review,"Verify exact spelling, current merged registry and scenario date before assigning; no automatic rename."
Saudi,6,visuals/flags/source/saudi_arabia.svg,ui/bottom/flag_saudi,,candidate_review,"Verify exact spelling, current merged registry and scenario date before assigning; no automatic rename."
Serbia,4,visuals/flags/source/serbia.svg,,,candidate_review,"Verify exact spelling, current merged registry and scenario date before assigning; no automatic rename."
Singapore,7,visuals/flags/source/singapore.svg,ui/bottom/flag_singapore,flag_singapore,candidate_review,"Verify exact spelling, current merged registry and scenario date before assigning; no automatic rename."
South Korea,1,visuals/flags/source/south_korea.svg,,,candidate_review,"Verify exact spelling, current merged registry and scenario date before assigning; no automatic rename."
South_Korea,118,visuals/flags/source/south_korea.svg,ui/bottom/flag_s_korea,flag_s_korea,candidate_review,"Verify exact spelling, current merged registry and scenario date before assigning; no automatic rename."
South_Yemen,11,visuals/flags/source/south_yemen.svg,ui/bottom/flag_south_yemen,flag_south_yemen,candidate_review,Historical nation. Preserve its era-specific flag; do not silently convert it into a successor state.
Soviet,758,visuals/flags/source/soviet.svg,ui/bottom/flag_ussr,"flag_soviet,flag_civ_soviet",candidate_review,Keep Soviet artwork in historical profile. Russia/Russian naval ensign are optional modern-profile replacements only; do not globally reinterpret every Soviet unit.
Spain,266,visuals/flags/source/spain.svg,ui/bottom/flag_spain,flag_spain,candidate_review,"Verify exact spelling, current merged registry and scenario date before assigning; no automatic rename."
Sri_Lanka,1,visuals/flags/source/sri_lanka.svg,ui/bottom/flag_sri_lanka,flag_sri_lanka,candidate_review,"Verify exact spelling, current merged registry and scenario date before assigning; no automatic rename."
Sweden,24,visuals/flags/source/sweden.svg,ui/bottom/flag_sweden,flag_swe,candidate_review,"Verify exact spelling, current merged registry and scenario date before assigning; no automatic rename."
Switzerland,5,visuals/flags/source/switzerland.svg,ui/bottom/flag_switzerland,flag_switzerland,candidate_review,"Verify exact spelling, current merged registry and scenario date before assigning; no automatic rename."
Syria,14,visuals/flags/source/syria.svg,ui/bottom/flag_syria,flag_syria,candidate_review,Flag design depends on scenario year. Current source design is not suitable for every historical mission.
Tahiti,1,visuals/flags/source/french_polynesia.svg,,,candidate_review,"Verify exact spelling, current merged registry and scenario date before assigning; no automatic rename."
Taiwan,1,visuals/flags/source/taiwan.svg,,,candidate_review,"Verify exact spelling, current merged registry and scenario date before assigning; no automatic rename."
Terrorists,22,,ui/bottom/flag_terrorists,flag_terrorists,unresolved,"No verified flag assigned. Fictional, neutral, unknown or malformed nation keys need a creator-provided asset or manual review."
Thailand,4,visuals/flags/source/thailand.svg,ui/bottom/flag_thailand,,candidate_review,"Verify exact spelling, current merged registry and scenario date before assigning; no automatic rename."
Tunisia,1,visuals/flags/source/tunisia.svg,ui/bottom/flag_tunisia,,candidate_review,"Verify exact spelling, current merged registry and scenario date before assigning; no automatic rename."
Turkey,22,visuals/flags/source/turkey.svg,ui/bottom/flag_turkey,flag_turkey,candidate_review,"Verify exact spelling, current merged registry and scenario date before assigning; no automatic rename."
UAE,30,visuals/flags/source/united_arab_emirates.svg,,,candidate_review,"Verify exact spelling, current merged registry and scenario date before assigning; no automatic rename."
UK,217,visuals/flags/source/united_kingdom.svg,ui/bottom/flag_uk,"flag_rn,flag_red_ensign",candidate_review,"Verify exact spelling, current merged registry and scenario date before assigning; no automatic rename."
US,3179,visuals/flags/source/united_states.svg,ui/bottom/flag_us,flag_us,candidate_review,"Verify exact spelling, current merged registry and scenario date before assigning; no automatic rename."
Ukraine,2,visuals/flags/source/ukraine.svg,,,candidate_review,"Verify exact spelling, current merged registry and scenario date before assigning; no automatic rename."
Unknown,1,,ui/bottom/flag_unknown,,unresolved,"No verified flag assigned. Fictional, neutral, unknown or malformed nation keys need a creator-provided asset or manual review."
Uzbekistan,1,visuals/flags/source/uzbekistan.svg,,,candidate_review,"Verify exact spelling, current merged registry and scenario date before assigning; no automatic rename."
Vietnam,1,visuals/flags/source/vietnam.svg,ui/bottom/flag_vietnam,"flag_viet,flag_civ_vietnam",candidate_review,"Verify exact spelling, current merged registry and scenario date before assigning; no automatic rename."
Yuktobanian,15,,,,unresolved,"No verified flag assigned. Fictional, neutral, unknown or malformed nation keys need a creator-provided asset or manual review."
algeria,23,visuals/flags/source/algeria.svg,,,candidate_review,"Verify exact spelling, current merged registry and scenario date before assigning; no automatic rename."
australia,61,visuals/flags/source/australia.svg,,,candidate_review,"Verify exact spelling, current merged registry and scenario date before assigning; no automatic rename."
germany,1,visuals/flags/source/germany.svg,,,candidate_review,"Verify exact spelling, current merged registry and scenario date before assigning; no automatic rename."
india,2,visuals/flags/source/india.svg,,,candidate_review,"Verify exact spelling, current merged registry and scenario date before assigning; no automatic rename."
newzealand,1,,,,unresolved,"No verified flag assigned. Fictional, neutral, unknown or malformed nation keys need a creator-provided asset or manual review."
norway,1,visuals/flags/source/norway.svg,,,candidate_review,"Verify exact spelling, current merged registry and scenario date before assigning; no automatic rename."
pirates,5,,,,unresolved,"No verified flag assigned. Fictional, neutral, unknown or malformed nation keys need a creator-provided asset or manual review."
south_korea,1,visuals/flags/source/south_korea.svg,,,candidate_review,"Verify exact spelling, current merged registry and scenario date before assigning; no automatic rename."
spain,8,visuals/flags/source/spain.svg,,,candidate_review,"Verify exact spelling, current merged registry and scenario date before assigning; no automatic rename."
uk,4,,,,unresolved,"No verified flag assigned. Fictional, neutral, unknown or malformed nation keys need a creator-provided asset or manual review."
ustio,1,,,,unresolved,"No verified flag assigned. Fictional, neutral, unknown or malformed nation keys need a creator-provided asset or manual review."
