file,asset_id,label,creator,licence,source_page
AN-MPQ-65.jpg,mpq65,,,,
DF-21.jpg,df21,,,,
FOB Salerno.jpg,fob,,,,
Floating-dry-dock.jpeg,drydock,,,,
H225M-EC725.jpg,caracal,,,,
J-35.jpg,j35,,,,
KC-130J.jpg,c130j,,,,
KJ-2000.jpg,kj2000,,,,
Leonardo_Naval-gun-127-mm.jpg,oto127,,,,
M1151A1.jpg,hmmwv,,,,
RAF-Alconbury.png,alconbury,RAF Alconbury,,,
S-3B.jpg,s3b,,,,
SEWIP-Block-3.jpg,sewip,,,,
Shahed-136.jpg,shahed136,,,,
b-52g.jpg,b52g,,U.S. Air Force,Public domain,https://www.af.mil/News/Photos/igphoto/2000595089/
df-26.jpg,df26,,,,
f-16.jpeg,f16a,F-16C Fighting Falcon (93rd Fighter Squadron),,,
hq-7.jpg,hq7,HQ-7 / FM-90 land launcher,,,
j-11b.jpg,j11,J-11B,,,
j-15.jpeg,j15,,,,
raaf-east-sale.jpg,east_sale,,,,
scud.jpg,scud,,,,
