# Unit profile pictures already in the collection (ui/profiles/<id>.png), listed on the gaming PC
# by tools/list-profiles.ps1 on 5 Oct 2026. SEST adds a profile only where none of these exists.
# Rows for 3796706214 come from its file list (5 Oct 2026; not installed when the list was taken), size unknown.
id	mod	size
20260219113907_1	3597650470	256x256
20260219114003_1	3597650470	256x256
20260219114124_1	3597650470	256x256
20260219114254_1	3597650470	256x256
20260219114653_1	3597650470	256x256
20260219114756_1	3597650470	256x256
20260219115332_1	3597650470	256x256
20260531113113_1	3567256221	5120x1440
5p10-02	3597650470	256x256
5p20k-a	3597650470	256x256
5p20k_Poliment	3597650470	256x256
5p27_Furke4	3597650470	256x256
5p27m	3597650470	256x256
ALDEBARAN_ESM	3731208477	256x256
ALDEBARAN_EW	3731208477	256x256
ASQ-10A	3491248180	595x576
ASV-19A	3491248180	595x576
ASW375twin	3630495619	256x256
A_190	3597650470	256x256
A_192	3597650470	256x256
Argos_5000D	3629144864	804x652
Calypso III	3491248180	595x576
CrotaleEDIR	3628201887	1080x1080
DE1160LF	3731208477	256x256
DRBC-32B	3628201887	1080x1080
DRBC-32C	3628201887	1080x1080
DRBI-10	3628201887	1080x1080
DRBV-15A	3628201887	1080x1080
DRBV-20	3628201887	1080x1080
DRBV-23B	3628201887	1080x1080
DRBV-50	3628201887	1080x1080
DSQS_23BZ	3575847216	256x256
Dardo	3629144864	637x637
E7A_Wedgetail_Upgrade	3796706214	?
EDAR_Armoured_Personnel_Carrier_Loadout	3567256221	1612x620
ELM-2228S_AMDR	3776730617	595x576
FL-1800S_ECM	3575847216	256x256
FL-1800S_ESM	3575847216	509x509
Ferranti Blue Parrot	3491248180	595x576
GEC AI.18 Radar	3491248180	595x576
GIAT100mm	3628201887	1080x1080
Guffo_Mk2000_ECM	3630495619	256x256
HEL	3575847216	600x600
HLJG-346	3775128499	256x256
HLJQ-364	3775128499	256x256
HLJQ-366	3775128499	256x256
HLJQ-517B	3775128499	256x256
H_PJ87	3775128499	256x256
IROptics	3597650470	256x255
Instalacion de Tiro Berreta	3491248180	512x288
J10C_1	3481228992	2083x1095
J10C_2	3481228992	2020x1170
J10C_3	3481228992	1732x1218
KORA-40_ECM_F123	3575847216	814x813
KORA-40_ECM_F127	3575847216	694x694
LW08	3491248180	595x576
LW08	3776730617	595x576
LW08_SATIR	3575847216	256x256
MASS	3575847216	256x256
MASS_ATD	3575847216	256x256
MIR-2	3491248180	595x576
MK52 FCR	3711297532	595x576
MK52 FCR	3752415457	595x576
MSP600	3575847216	256x256
MTO_85	3629144864	256x256
Mark6	3491248180	595x576
Meroka_CIWS	3630495619	256x256
Mirador_Mk1	3575847216	560x567
Mirador_Mk2	3575847216	560x567
OTO127	3629144864	638x638
OTO127-64_LW	3575847216	675x675
OTO135	3629144864	989x506
OTO76	3629144864	496x496
OTO76-62	3575847216	256x256
OTO76-62_SuperRapid	3575847216	723x738
Pathfinder_ST_Mk2_S	3575847216	256x256
Pathfinder_ST_Mk2_X	3575847216	256x256
Project 2498 Zyetseth Class Assault Vessel	3399699218	512x139
RIGEL_RECM	3731208477	256x256
RIGEL_RESM	3731208477	256x256
Redut	3597650470	256x256
Redut_q	3597650470	256x256
SA Radar	3711297532	595x576
SA Radar	3752415457	595x576
SMART-S	3575847216	464x464
SO-8	3711297532	595x576
SO-8	3752415457	595x576
SPS-503	3629144864	595x576
SPS-702	3629144864	518x518
SPS-768	3629144864	619x619
SPS-774	3629144864	656x656
SPY-6(V)1_CMS330	3575847216	503x503
STIR-180	3575847216	256x256
Screenshot (428)	3491248180	1280x720
Screenshot (429)	3491248180	1280x720
Screenshot (430)	3491248180	1280x720
Screenshot (433)	3491248180	1280x720
Screenshot (434)	3491248180	1280x720
Screenshot (435)	3491248180	1280x720
Screenshot (436)	3491248180	1280x720
Screenshot (437)	3491248180	1280x720
Screenshot (438)	3491248180	1280x720
Screenshot (439)	3491248180	1280x720
Screenshot (440)	3491248180	1280x720
Screenshot (441)	3491248180	1280x720
Sea Spray	3455931957	595x576
Sea Spray	3491248180	595x576
SeaGiraffe_1X	3575847216	256x256
SeaGiraffe_4A	3575847216	256x256
Seaspray	3629144864	474x474
Shahed_136_black	3497601759	1920x1080
Shahed_136_white	3497601759	1920x1080
Sky_Watch	3438479626	560x467
TRS-4D_LR_Rot_F124	3629144864	256x256
TRS-4D_NR	3575847216	322x322
TRS-4D_Rot	3575847216	569x566
Thorn EMI Searchwater	3455404959	595x576
Thorn EMI Searchwater	3491248180	595x576
Thorn EMI Skymaster	3491248180	595x576
Type 1006	3455404959	595x576
Type 1006	3491248180	595x576
Type 1022	3491248180	595x576
Type 184M	3491248180	595x576
Type 278	3491248180	595x576
Type 901	3491248180	595x576
Type 984	3455404959	595x576
Type 984	3491248180	595x576
Type 992	3491248180	595x576
Type_346	3775128499	256x256
Type_364	3775128499	256x256
Type_366	3775128499	256x256
Type_517	3775128499	256x256
Type_730	3775128499	256x256
Type_965	3491248180	595x576
Type_992Q	3491248180	595x576
Type_993	3455404959	595x576
Type_993	3491248180	595x576
UL5000K_ECM	3575847216	598x598
UL5000K_ESM	3575847216	598x598
ZW06	3491248180	595x576
ZW06	3776730617	595x576
Zarya-M	3597650470	256x256
Zaslon	3597650470	256x256
_narco_narcosub_adv	3413868677	512x81
_narco_speedboat	3413868677	512x170
ab212	3505420313	512x164
ace_f-2a	3755769170	512x148
ace_f-2a_1	3755769170	512x148
ace_f-2a_2	3755769170	512x148
ace_f-2a_3	3755769170	512x148
adf_ah-1g	3455404959	512x124
adf_mbt_leopard1	3455404959	1837x569
adf_mbt_leopard1_dozer	3455404959	1836x572
adf_mbt_mk5-1	3455404959	1812x575
ae_ao_teide	3630495619	512x133
ae_ao_teide_1	3630495619	512x133
ae_cvl_dedalo	3630495619	512x133
ae_cvl_dedalo_late	3630495619	512x133
ae_cvl_principe_asturias	3630495619	512x141
ae_cvl_principe_asturias_1	3630495619	512x141
ae_dd_churruca_fram_i	3630495619	512x189
ae_dd_churruca_fram_i_1	3630495619	512x189
ae_dd_churruca_fram_i_2	3630495619	512x189
ae_dd_churruca_fram_i_4	3630495619	512x189
ae_dd_churruca_fram_ib	3630495619	512x189
ae_dd_churruca_fram_ib_1	3630495619	512x189
ae_ffg_alvaro_bazan	3731208477	512x189
ae_ffg_alvaro_bazan_1	3731208477	512x189
ae_ffg_alvaro_bazan_2	3731208477	512x189
ae_ffg_alvaro_bazan_3	3731208477	512x189
ae_ffg_alvaro_bazan_4	3731208477	512x189
ae_ffg_baleares	3630495619	512x158
ae_ffg_baleares_1	3630495619	512x158
ae_ffg_baleares_2	3630495619	512x158
ae_ffg_baleares_3	3630495619	512x158
ae_ffg_baleares_4	3630495619	512x158
ae_ffg_baleares_5	3630495619	512x158
ae_ffg_baleares_late	3630495619	512x158
ae_ffg_baleares_late_1	3630495619	512x158
ae_ffg_baleares_late_2	3630495619	512x158
ae_ffg_baleares_late_3	3630495619	512x158
ae_ffg_baleares_late_4	3630495619	512x158
ae_ffg_baleares_late_5	3630495619	512x158
ae_ffg_bonifaz	3731208477	512x183
ae_ffg_bonifaz_1	3731208477	512x183
ae_ffg_bonifaz_2	3731208477	512x183
ae_ffg_bonifaz_3	3731208477	512x183
ae_ffg_bonifaz_4	3731208477	512x183
ae_ffg_bonifaz_5	3731208477	512x183
ae_ffg_cristobal_colon	3731208477	512x189
ae_ffg_cristobal_colon_1	3731208477	512x189
ae_ffg_descubierta	3630495619	512x183
ae_ffg_descubierta_1	3630495619	512x183
ae_ffg_descubierta_2	3630495619	512x183
ae_ffg_descubierta_3	3630495619	512x183
ae_ffg_descubierta_4	3630495619	512x183
ae_ffg_descubierta_5	3630495619	512x183
ae_ffg_descubierta_6	3630495619	512x183
ae_ffg_descubierta_7	3630495619	512x183
ae_ffg_descubierta_8	3630495619	512x183
ae_ffg_descubierta_9	3630495619	512x183
ae_ffg_descubierta_late	3630495619	512x183
ae_ffg_descubierta_late_1	3630495619	512x183
ae_ffg_descubierta_late_2	3630495619	512x183
ae_ffg_descubierta_late_3	3630495619	512x183
ae_ffg_descubierta_late_4	3630495619	512x183
ae_ffg_descubierta_late_5	3630495619	512x183
ae_ffg_descubierta_late_6	3630495619	512x183
ae_ffg_santa_maria	3630495619	512x151
ae_ffg_santa_maria_1	3630495619	512x151
ae_ffg_santa_maria_2	3630495619	512x151
ae_ffg_santa_maria_3	3630495619	512x151
ae_ffg_santa_maria_4	3630495619	512x151
ae_ffg_santa_maria_5	3630495619	512x151
ae_ffg_santa_maria_6	3630495619	512x151
ae_ffg_santa_maria_late	3630495619	512x151
ae_ffg_santa_maria_late_1	3630495619	512x151
ae_ffg_santa_maria_late_2	3630495619	512x151
ae_ffg_santa_maria_late_3	3630495619	512x151
ae_ffg_santa_maria_late_4	3630495619	512x151
ae_ffg_santa_maria_late_5	3630495619	512x151
ae_ffg_santa_maria_late_6	3630495619	512x151
ae_lhd_juan_carlos	3731208477	512x127
ae_lhd_juan_carlos_1	3731208477	512x127
ae_lpa_castilla	3630495619	512x129
ae_lpa_castilla_1	3630495619	512x129
ae_lpa_castilla_2	3630495619	512x129
ae_lpd_galicia	3731208477	512x169
ae_lpd_galicia_1	3731208477	512x169
ae_lpd_galicia_2	3731208477	512x169
ae_lsd_galicia	3630495619	512x141
ae_lsd_galicia_1	3630495619	512x141
ae_lst_hernan_cortes	3630495619	512x140
ae_lst_hernan_cortes_1	3630495619	512x140
ae_lst_hernan_cortes_2	3630495619	512x140
ae_msc_jucar	3630495619	512x241
ae_msc_jucar_1	3630495619	512x241
ae_msc_jucar_2	3630495619	512x241
ae_msc_jucar_3	3630495619	512x241
ae_msc_jucar_4	3630495619	512x241
ae_msc_jucar_5	3630495619	512x241
ae_msc_jucar_6	3630495619	512x241
ae_msc_jucar_7	3630495619	512x241
ae_msc_jucar_8	3630495619	512x241
ae_mso_guadalete	3630495619	512x265
ae_mso_guadalete_1	3630495619	512x265
ae_mso_guadalete_2	3630495619	512x265
ae_mso_guadalete_3	3630495619	512x265
ae_mso_guadalete_4	3630495619	512x265
ae_opv_meteoro	3731208477	512x214
ae_opv_meteoro_1	3731208477	512x214
ae_opv_meteoro_2	3731208477	512x214
ae_opv_meteoro_3	3731208477	512x214
ae_opv_meteoro_4	3731208477	512x214
ae_opv_meteoro_5	3731208477	512x214
ae_opv_meteoro_6	3731208477	512x214
ae_ptg_lazaga	3630495619	512x152
ae_ptg_lazaga_1	3630495619	512x152
ae_ptg_lazaga_2	3630495619	512x152
ae_ptg_lazaga_3	3630495619	512x152
ae_ptg_lazaga_4	3630495619	512x152
ae_ptg_lazaga_5	3630495619	512x152
ae_ptg_lazaga_6	3630495619	512x152
ae_ptm_lazaga	3630495619	512x150
ae_ptm_lazaga_1	3630495619	512x150
ae_ptm_lazaga_2	3630495619	512x150
ae_ptm_lazaga_3	3630495619	512x150
ae_ptm_lazaga_4	3630495619	512x150
ae_sa_tiburon	3630495619	512x155
ae_sa_tiburon_1	3630495619	512x155
ae_sa_tiburon_2	3630495619	512x155
ae_ss_s31	3630495619	512x80
ae_ss_s31_1	3630495619	512x80
ae_ss_s31_2	3630495619	512x80
ae_ss_s32	3630495619	512x83
ae_ss_s32_1	3630495619	512x83
ae_ss_s32_2	3630495619	512x83
ae_ss_s32_3	3630495619	512x83
ae_ss_s33	3630495619	512x82
ae_ss_s33_1	3630495619	512x82
ae_ssk_delfin	3630495619	512x97
ae_ssk_delfin_1	3630495619	512x97
ae_ssk_delfin_2	3630495619	512x97
ae_ssk_delfin_3	3630495619	512x97
ae_ssk_delfin_4	3630495619	512x97
ae_ssk_galerna	3630495619	512x106
ae_ssk_galerna_1	3630495619	512x91
ae_ssk_galerna_2	3630495619	512x91
ae_ssk_galerna_3	3630495619	512x91
ae_ssk_galerna_4	3630495619	512x91
ae_ssk_galerna_mod	3630495619	512x91
ae_ssk_galerna_mod_1	3630495619	512x91
ae_ssk_galerna_mod_2	3630495619	512x91
ae_ssk_galerna_mod_3	3630495619	512x91
ae_ssk_galerna_mod_4	3630495619	512x91
ae_ssk_s80	3731208477	512x99
ae_ssk_s80_plus	3731208477	512x87
ae_ssk_s80_plus_1	3731208477	512x87
ae_ssk_s80_plus_2	3731208477	512x87
ae_ssk_s80_plus_3	3731208477	512x87
ae_ssk_s80_plus_4	3731208477	512x87
agm-84l	3758320372	362x362
ak630m	3597650470	256x256
ak630m2	3597650470	256x256
am_as34	3629144864	413x413
am_f104g	3505420313	512x116
am_f104s	3505420313	512x116
am_f104sasa	3505420313	512x116
am_slyflash	3629144864	623x623
am_tornado_adv	3505420313	512x172
am_tornado_ecr	3505420313	512x185
am_tornado_ids	3505420313	512x185
am_tornado_ids_95	3505420313	512x185
arg_ss_type_209	3491248180	512x133
aus_a330_mrtt	3758943352	3620x1440
aus_ec_665_had-e	3796706214	?
b-2_jassm	3607989779	480x480
b-2_jsow	3607989779	480x480
b-2_jsow_clus	3607989779	480x480
b-2_jsow_sead	3607989779	480x480
b-2_lrasm	3607989779	480x480
b-2_lrasm_ER	3607989779	480x480
b-2_spirit	3480965706	540x180
be_nh90	3796706214	?
bel_a400m_airdroop-para	3758943352	2560x1440
bel_a400m_tankers	3758943352	2560x1440
boeing_p-8a	3796706214	?
bofors_cal_57mm_3P	3629144864	1211x1211
bofors_cal_57mm_3P	3642656500	1211x1211
br_a330_mrtt	3758943352	3620x1440
br_ah11_a	3491248180	512x119
bra_a4m	3678767059	512x192
bra_ah11	3678767059	512x130
bra_ah11b	3678767059	512x130
bra_ah15	3678767059	512x128
bra_cv_Sao_Paulo	3678767059	512x138
bra_dd_gearing	3678767059	512x189
bra_dd_summer_fram2	3678767059	512x189
bra_f-5em	3678767059	512x130
bra_ff_garcia	3678767059	512x167
bra_ffg_niteroi	3678767059	512x161
bra_ffg_niteroi_2005	3678767059	512x161
bra_ffg_tamandare	3678767059	512x138
bra_lph_Atlantico	3678767059	512x116
bra_lst_newport	3678767059	512x140
bra_p-3am	3678767059	512x128
bra_sh-16	3678767059	512x153
bra_sh-3d	3678767059	512x118
bra_ss_riachuelo	3678767059	512x90
bra_ss_tikuna	3678767059	512x105
bra_ss_tupi	3678767059	512x105
bra_type22b12	3678767059	512x139
bra_uh-12	3678767059	512x134
bra_uh14	3678767059	512x139
bra_uh15	3678767059	512x128
brd_ifv_marder_1a3	3412480633	530x160
brd_mbt_leo2a4	3410473695	530x160
brd_roland-3	3508275114	256x256
brd_spaa_flarakpz_1	3508275114	530x160
bre_m2kb	3796706214	?
bre_m2kc_rdi	3796706214	?
bw_ec_665_had-e	3567228449	512x146
bw_ec_665_had-e	3796706214	?
ca_a330_mrtt	3758943352	3620x1440
ch_barak	3776730617	595x576
ch_e3d	3776730617	512x126
ch_e3d	3796706214	?
ch_f-5e	3776730617	512x126
ch_f-5e	3796706214	?
ch_ff_type23	3776730617	512x128
ch_ff_type23_pida	3776730617	512x130
ch_ffg_adelaide_longhull	3776730617	512x151
ch_ffg_karel	3776730617	512x158
ch_j-15	3796706214	?
ch_kc135	3776730617	512x130
ch_ss_scorpene	3776730617	512x93
ch_type22b2_barak	3776730617	512x140
civ_707	3796706214	?
civ_a320	3746453639	1811x544
civ_a320	3796706214	?
civ_a330	3746453639	1870x449
civ_a330	3796706214	?
civ_a380	3746453639	1833x574
civ_a380	3796706214	?
civ_as-350	3806197116	512x149
civ_c340	3796706214	?
civ_dc-10	3796706214	?
civ_fv_fishingboat_b_armed	3485917612	512x231
civ_fv_fishingboat_c_armed	3485917612	512x225
civ_fv_fishingboat_d_armed	3485917612	512x240
civ_fv_okean_armed	3485917612	512x237
civ_fv_okean_surprise	3399699218	512x237
civ_fv_sidetrawler_armed	3485917612	512x231
civ_h700	3796706214	?
civ_il-18	3796706214	?
civ_il-62	3796706214	?
civ_il-76t	3524112296	1856x557
civ_il-76t	3796706214	?
civ_il-76td	3524112296	1856x557
civ_il-76td	3796706214	?
civ_ms_roro_b_armed	3485917612	512x154
civ_ms_roro_b_armed_21	3485917612	512x154
civ_ms_roro_b_armed_22	3485917612	512x154
civ_ms_roro_b_armed_23	3485917612	512x154
civ_tu-154	3796706214	?
civ_v35	3796706214	?
co_a330_mrtt	3758943352	3620x1440
de_nh90	3796706214	?
de_sea_lynx_mk88	3455931957	512x145
de_sea_lynx_mk88	3796706214	?
dk_mh-60r	3642656500	512x153
dk_mh-60r	3796706214	?
dts_a-29a	3796706214	?
dts_a-29b	3796706214	?
dts_agm-154a	3636386513	314x316
dts_agm-154a	3652097318	314x316
dts_agm-154a	3741944366	314x316
dts_agm-158b-2	3636386513	429x429
dts_agm-158b-2	3652097318	429x429
dts_agm-158b-2	3741944366	429x429
dts_agm-158c-3	3652097318	378x378
dts_agm-158c-3	3741944366	378x378
dts_agm-183a	3636386513	432x432
dts_agm-183a	3652097318	432x432
dts_agm-183a	3741944366	432x432
dts_agm-183a(w62)	3636386513	405x405
dts_agm-183a(w62)	3652097318	405x405
dts_agm-183a(w62)	3741944366	405x405
dts_aim-120d-3	3741944366	1351x982
dts_aim-120d-3_w	3636386513	1031x942
dts_aim-174b	3741944366	600x562
dts_aim-260	3741944366	261x261
dts_aim-260_w	3636386513	261x261
dts_aim-9s	3741944366	903x1064
dts_aim-9x	3741944366	903x1064
dts_b-52h	3741944366	512x133
dts_b-52h	3796706214	?
dts_gbu-31	3652097318	392x348
dts_gbu-31	3741944366	392x348
dts_gbu-32	3741944366	392x348
dts_gbu-53	3652097318	217x215
dts_gbu-53	3741944366	217x215
dts_saab_ge	3673250557	512x145
dts_saab_ge	3796706214	?
dvd_kh-59mk2	3780118683	2022x1199
eaf_m2kbm	3796706214	?
eaf_m2kem	3796706214	?
ei_aaa_sidam	3505420313	560x560
ei_aaa_sidam_mistral	3505420313	556x556
es_ss_galerna	3630495619	512x92
es_ss_galerna_0	3630495619	512x92
es_ss_galerna_1	3630495619	512x92
es_ss_galerna_2	3630495619	512x92
es_ss_galerna_3	3630495619	512x92
es_ss_galerna_4	3630495619	512x92
es_ssk_delfin	3630495619	512x97
eu_25mm_Oerlikon_KBA	3629144864	451x451
eu_35mm_AHEAD	3629144864	256x256
eu_Bofors_120mm_L50	3629144864	256x256
eu_CEROS-200_CWI	3629144864	365x365
eu_DSQS_23BZ	3629144864	256x256
eu_FL-1800S_ECM	3629144864	256x256
eu_FL-1800S_ESM	3629144864	509x509
eu_FL_1800_S_II_ECM	3629144864	256x256
eu_FL_1800_S_II_ESM	3629144864	509x509
eu_HEL	3629144864	600x600
eu_KORA-40_ESM	3629144864	586x586
eu_KRONOS_c	3629144864	409x409
eu_KRONOS_x	3629144864	409x409
eu_LFAPS	3629144864	1232x1234
eu_MASS	3629144864	256x256
eu_MASS_ATD	3629144864	256x256
eu_MFRA	3629144864	498x498
eu_MK15B	3629144864	535x535
eu_Mk-38 Mod.2 M242	3731208477	256x256
eu_NA-25X	3731208477	256x256
eu_NA-30S_mk2	3629144864	345x345
eu_NSM_quad_launcher	3629144864	800x800
eu_ODLS	3629144864	217x217
eu_PRT-401	3629144864	363x363
eu_RBS15	3629144864	577x577
eu_RTN-1A	3629144864	450x450
eu_RTN-30X	3629144864	394x394
eu_SAMPSON	3629144864	418x418
eu_SPN-753	3629144864	299x299
eu_SPQ-2	3629144864	432x432
eu_SPS-702	3629144864	518x518
eu_SPS-768	3629144864	560x560
eu_SPS-774	3629144864	656x656
eu_SPY-1D	3731208477	256x256
eu_Sagittario_200	3629144864	617x617
eu_SeaSnake_30mm	3629144864	865x865
eu_SharpEye_X	3731208477	256x256
eu_TRS-3D_16	3731208477	256x256
eu_UL5000K_ECM	3629144864	598x598
eu_UL5000K_ESM	3629144864	598x598
eu_VIRGILIUS_R-ECM	3629144864	800x800
eu_aim-120c-5_air	3587877691	256x256
eu_aim-120d-3	3587877691	256x256
eu_aim-9l-i	3587877691	256x256
eu_brimstone_l	3587877691	256x256
eu_brimstone_mmw	3587877691	256x256
eu_contralto	3629144864	453x453
eu_ef2000_fgr4	3587877691	512x174
eu_ef2000_fgr4	3796706214	?
eu_ef2000_fgr4_late	3587877691	512x174
eu_ef2000_fgr4_late	3796706214	?
eu_gemini-db	3629144864	388x388
eu_goalkeeper	3629144864	1240x1240
eu_iris-t	3587877691	256x256
eu_kepd_350	3587877691	256x256
eu_leonardo_dss	3629144864	408x408
eu_lionfish_30mm	3629144864	457x457
eu_meteor	3587877691	256x256
eu_mk48	3629144864	1200x1200
eu_mk49_animated	3629144864	256x256
eu_mk_18	3587877691	256x256
eu_mlg_27	3629144864	256x256
eu_oto127lw	3629144864	675x675
eu_oto76sr	3629144864	723x738
eu_otosovraponte	3629144864	408x408
eu_pars_3_lr	3567228449	256x256
eu_ram	3629144864	256x256
eu_roma_zeus_esm	3629144864	657x657
eu_scalp-eg	3587877691	256x256
eu_smart-s	3629144864	660x660
eu_wm_25	3629144864	256x256
exocet_twin	3575847216	256x256
exp_rafale_b	3796706214	?
exp_rafale_b_l	3796706214	?
exp_rafale_c	3796706214	?
exp_rafale_c_l	3796706214	?
exp_rafale_m	3796706214	?
exp_rafale_m_l	3796706214	?
f16_agm-154c	3758320372	314x316
f16_agm-158b-2	3758320372	429x429
f16_agm-158c-3	3758320372	492x432
f16_gbu-31	3758320372	392x348
f16_gbu-32	3758320372	392x348
f16_gbu-39	3758320372	450x416
f16_gbu-53	3758320372	217x215
fap_m2kdp	3796706214	?
fap_m2kp	3796706214	?
fi_nh90_tth	3796706214	?
fr__mdcn	3567256221	2439x1212
fr_a244s_mod1	3567228449	256x256
fr_a330_mrtt	3758943352	3620x1440
fr_a400m_airdroop-para	3758943352	2560x1440
fr_a400m_sf	3758943352	2560x1440
fr_a400m_tankers	3758943352	2560x1440
fr_alouette_ii	3796706214	?
fr_aquilon_202	3628247436	512x136
fr_as-350	3796706214	?
fr_as-555	3796706214	?
fr_as-565_sa	3567228449	512x122
fr_as-565_sa	3796706214	?
fr_as_20	3628247436	595x576
fr_as_332B	3567228449	512x139
fr_as_332B	3796706214	?
fr_as_332F	3567228449	512x139
fr_as_332F	3796706214	?
fr_as_332M	3567228449	512x139
fr_as_332M	3796706214	?
fr_as_532C	3567228449	512x139
fr_as_532C	3796706214	?
fr_as_532L	3567228449	512x139
fr_as_532L	3796706214	?
fr_as_532L2	3567228449	512x131
fr_as_532L2	3796706214	?
fr_as_532SC	3567228449	512x139
fr_as_532SC	3796706214	?
fr_aster_15	3567256221	1863x1195
fr_aster_30	3567256221	1489x1066
fr_aster_30_mi	3437105712	256x256
fr_aster_30_mi - 副本	3437105712	256x256
fr_atl2	3796706214	?
fr_br1050	3628203171	512x197
fr_br1050_ALH	3628203171	512x197
fr_br1050_ALM	3628203171	512x197
fr_camcopters	3567228449	3300x924
fr_canto	3567256221	1286x769
fr_crotale_vt1	3567256221	1761x966
fr_cvn_charles-de-gaulle	3567256221	2089x898
fr_ddg_horizon	3567256221	2326x1025
fr_e-3f	3796706214	?
fr_e2c	3796706214	?
fr_e2d	3796706214	?
fr_ec_665_had-e	3796706214	?
fr_ec_725	3567228449	512x128
fr_ec_725	3796706214	?
fr_etendard_IVM	3555361900	512x136
fr_etendard_IVP	3555361900	512x131
fr_etendard_IVPM	3555361900	512x131
fr_f-8efn	3591820675	512x168
fr_f-8efn_early	3591820675	512x168
fr_f-8p	3591820675	514x167
fr_f1a	3796706214	?
fr_f1c	3796706214	?
fr_f1c_5	3630495619	512x152
fr_f1c_6	3630495619	512x152
fr_f1e	3796706214	?
fr_f1e_6	3630495619	512x152
fr_fdi_amiral_ronarc'h	3567256221	2268x1008
fr_ffg_aquitaine_asw	3567256221	2193x1065
fr_ffg_aquitaine_modernized_aaw	3567256221	2193x1065
fr_ffg_aquitaine_modernized_asw	3567256221	2193x1065
fr_ffg_lafayette_modernized	3567256221	512x166
fr_ffg_lafayette_version_opv	3567256221	512x166
fr_ffg_lafayette_version_opv_modernized	3567256221	512x166
fr_gbu-24	3758943352	1071x713
fr_m2k-5_mk2	3758943352	530x160
fr_m2k-5_mk2	3796706214	?
fr_m2k-5f	3758943352	530x160
fr_m2k-5f	3796706214	?
fr_m2k-9	3758943352	530x160
fr_m2k-9	3796706214	?
fr_m2kc	3758943352	530x160
fr_m2kc	3796706214	?
fr_m2kc_rdi	3796706214	?
fr_m2kc_rdm	3796706214	?
fr_m2kd	3796706214	?
fr_m2kd_rmv	3796706214	?
fr_meteor	3758943352	256x256
fr_mica-em	3758943352	256x256
fr_mica-em_vls	3437105712	256x256
fr_mica-ir	3758943352	256x256
fr_mica-ir_vls	3437105712	256x256
fr_mirage_iii	3796706214	?
fr_mistral	3567256221	1168x830
fr_mistral_air	3567228449	256x256
fr_mistral_ground	3508275114	256x256
fr_mm-38	3575847216	256x256
fr_mm-40_block3	3567256221	2341x1134
fr_mu_90_ship	3567256221	998x781
fr_nh90	3567228449	2550x1013
fr_nh90	3796706214	?
fr_nh90_tth	3567228449	1612x879
fr_nh90_tth	3796706214	?
fr_nh90_tth_special_forces	3567228449	2067x921
fr_nh90_tth_special_forces	3796706214	?
fr_pgm2000_tv	3758943352	256x256
fr_pgm500_tv	3758943352	256x256
fr_r511	3628247436	595x576
fr_r550-2	3758943352	256x256
fr_rafale_b	3758943352	512x131
fr_rafale_b	3796706214	?
fr_rafale_b_l	3758943352	512x131
fr_rafale_b_l	3796706214	?
fr_rafale_b_l_nuclear	3796706214	?
fr_rafale_c	3758943352	512x131
fr_rafale_c	3796706214	?
fr_rafale_c_l	3758943352	512x131
fr_rafale_c_l	3796706214	?
fr_rafale_m	3758943352	512x152
fr_rafale_m	3796706214	?
fr_rafale_m_l	3758943352	512x152
fr_rafale_m_l	3796706214	?
fr_rafale_m_l_nuclear	3796706214	?
fr_rafale_m_tanker	3796706214	?
fr_raft_fm	3567256221	2117x1053
fr_raft_sof_black	3567256221	1747x1025
fr_raft_sof_bme	3567256221	1701x1024
fr_sa-319	3567228449	512x131
fr_sa-319	3796706214	?
fr_sa-321	3567228449	512x164
fr_sa-321	3796706214	?
fr_sa-321G	3567228449	512x164
fr_sa-321G	3796706214	?
fr_sa-321GA	3567228449	512x164
fr_sa-321GA	3796706214	?
fr_sa_342_gazelle	3567228449	1630x902
fr_sa_342_gazelle	3796706214	?
fr_sa_342_gazelle_special_forces	3567228449	2226x1093
fr_sa_342_gazelle_special_forces	3796706214	?
fr_sam_site_samp-t_ng_small	3437105712	256x256
fr_sam_site_samp-t_small	3437105712	256x256
fr_samp-t_ng_tel	3437105712	256x256
fr_samp-t_radar	3437105712	256x256
fr_samp-t_tel	3437105712	256x256
fr_sbu-38	3758943352	256x256
fr_sbu-54	3758943352	256x256
fr_sbu-64	3758943352	256x256
fr_scalp-eg	3758943352	256x256
fr_sea_lynx	3455931957	512x145
fr_sea_lynx	3796706214	?
fr_sea_lynx_4	3455931957	512x145
fr_sea_lynx_4	3796706214	?
fr_ssbn_triomphant	3567256221	2383x905
fr_ssn_rubis	3567256221	2827x1084
fr_ssn_suffren	3567256221	2437x924
fr_ssn_suffren_dds	3567256221	2569x818
fr_super-530d	3758943352	256x256
fr_super_etendard	3555361900	512x135
fr_super_etendard_modernise	3555361900	512x135
fr_vl-mica_tel	3437105712	256x256
fr_vsr700	3567228449	1649x1080
fr_vt-1	3508275114	256x256
fra_R440	3628201887	1080x1080
fra_cv_clemenceau_60_deck_parkings	3628201887	512x139
fra_cv_clemenceau_60_low	3628201887	512x139
fra_cv_clemenceau_70_deck_parkings	3628201887	512x139
fra_cv_clemenceau_70_low	3628201887	512x139
fra_cv_clemenceau_80_deck_parkings	3628201887	512x138
fra_cv_clemenceau_80_low	3628201887	512x138
fra_cv_clemenceau_90_deck_parkings	3628201887	512x138
fra_cv_clemenceau_90_low	3628201887	512x138
ger_HEL	3629144864	600x600
ger_IDAS	3629144864	512x512
ger_IRIS-T_SLM	3629144864	1211x1211
ger_IRIS-T_SLX	3629144864	800x800
ger_MASS_ATD_noisemaker	3575847216	256x256
ger_MASS_ATD_noisemaker	3629144864	256x256
ger_MASS_omnitrap	3575847216	256x256
ger_MASS_omnitrap	3629144864	256x256
ger_a400m_airdroop-para	3758943352	2560x1440
ger_a400m_tankers	3758943352	2560x1440
ger_dm2a4	3629144864	1037x1037
ger_dm2a4_er	3731208477	256x256
ger_ffg_f123_1994	3575847216	1024x269
ger_ffg_f123_2007	3575847216	1024x269
ger_ffg_f123_2012_MVP	3575847216	1024x269
ger_ffg_f123_2025_mlu	3575847216	1024x291
ger_ffg_f123_2030_mlu_high	3575847216	1024x291
ger_ffg_f124	3575847216	1024x299
ger_ffg_f124_ASMD	3575847216	1024x299
ger_ffg_f124_MLU	3575847216	1024x295
ger_ffg_f125	3575847216	1024x291
ger_ffg_f125_MLU	3575847216	1024x291
ger_ffg_f127	3575847216	1024x288
ger_ffg_f127_batch2	3575847216	1024x284
ger_fsg_k130_batch1_early	3575847216	1024x317
ger_fsg_k130_batch1_late	3575847216	1024x317
ger_fsg_k130_batch2	3575847216	1024x310
ger_fsg_k130_batch2_late	3575847216	1024x310
ger_nh90	3796706214	?
ger_nh90_tth	3796706214	?
ger_rim-116a	3629144864	256x256
ger_sea_lynx_mk88	3796706214	?
ger_seaspider	3575847216	846x816
ger_seaspider	3629144864	846x816
ger_ssk_type_212a_batch1	3575847216	1024x387
ger_ssk_type_212a_batch1_upgraded	3575847216	1024x387
gre_as12	3455931957	595x576
gre_as12	3491248180	595x576
gre_depth_charges	3711297532	595x576
gre_depth_charges	3752415457	595x576
gre_hedgehog_shell	3711297532	595x576
gre_hedgehog_shell	3752415457	595x576
gre_m2k-5_bg	3796706214	?
gre_m2k-5_mk2	3796706214	?
gre_m2k-5_mk2_late	3796706214	?
gre_m2kbg	3796706214	?
gre_m2keg	3796706214	?
gre_nh90_tth	3796706214	?
haf_f-16c-bl50	3758320372	1918x567
haf_f-16c-bl50	3796706214	?
haf_f-16c-bl52plus	3758320372	1918x567
haf_f-16c-bl52plus	3796706214	?
hdms_iver_huitfeldt	3642656500	1024x270
hdms_iver_huitfeldt_mlu	3642656500	1024x270
hdms_tug_alsin	3642656500	1024x684
iaf_agm-142_tv	3758943352	256x256
iaf_f-16c-barakII	3758320372	1918x567
iaf_f-16c-barakii	3796706214	?
iaf_f-4e_kurnass	3796706214	?
iaf_m2kh	3758943352	530x160
iaf_m2ki	3758943352	530x160
iaf_m2ki	3796706214	?
iaf_m2kth	3796706214	?
iaf_m2kti	3796706214	?
iaf_md500	3796706214	?
iaf_netz	3416372890	545x188
idaf_derby	3758320372	1316x1079
idaf_f-16d_barak	3796706214	?
idaf_f-16i_sufa	3796706214	?
idaf_python5	3758320372	923x998
idaf_spice-1000	3758320372	770x697
idaf_spice-2000	3758320372	1303x1079
idf_dsws	3558173926	1920x1080
idf_dsws_radar	3558173926	1920x1080
idf_stunner	3558173926	1248x1080
idn_dd_skory	3455404959	512x123
idn_f-16c	3796706214	?
idn_ff_riga	3455404959	512x147
idn_ff_vanspeijk	3455404959	512x161
idn_kr_sverdlov	3455404959	512x117
idn_mig-21	3455404959	512x129
idn_ss_tjakra_71	3455404959	512x73
idn_tu-16ks1	3455404959	512x129
idn_vt_uda	3455404959	512x132
idn_wasp	3455404959	512x145
in_br1050	3628203171	512x197
ina_mig-21_bison	3796706214	?
ina_su-30mki_blk_i	3796706214	?
ind_a400m_airdroop-para	3758943352	2560x1440
ind_a400m_tankers	3758943352	2560x1440
ins_brahmos	3629144864	1364x1364
ins_brahmos-er	3629144864	1364x1364
ins_d-63	3807164392	1024x238
ins_d-66	3807164392	1024x238
iqaf_md500	3796706214	?
ir_ffg_alvand_95	3413868677	512x151
ir_fv_fishingboat_armed	3485917612	512x297
ir_il-76md	3524112296	1856x557
ir_il-76md	3796706214	?
ir_mig-29a	3796706214	?
ir_ptg_peykaap_2	3413868677	512x236
ir_ptg_peykaap_3	3413868677	512x236
ir_ptg_peykaap_3_export	3413868677	512x236
irh_bell-212	3549377308	1773x464
iriaa_bell-212	3549377308	1773x464
iriaf_ah-1j	3796706214	?
iriaf_f-14a	3796706214	?
iriaf_f-4d	3796706214	?
iriaf_f-4e	3796706214	?
irina_sh-3d	3796706214	?
irinavy_bell-212	3549377308	1773x464
it_ab212	3505420313	512x159
it_nh90_tth	3796706214	?
it_spaa_sidam_25	3508275114	530x160
ita_blackshark	3629144864	1009x1009
ita_ddg_ddx	3488139470	512x162
ita_ddg_orizzonte	3488139470	512x176
ita_ddg_orizzonte_18	3488139470	512x176
ita_ffg_fremm	3488139470	512x157
ita_ffg_fremm_asw	3488139470	512x157
ita_ffg_ppa	3488139470	512x151
ita_ffg_ppa_evo	3488139470	512x151
ita_fs_ppx	3488139470	1024x289
ita_sh-101a	3488139470	512x157
ita_sh-101a	3796706214	?
ita_sh90	3796706214	?
ita_ssk_todaro_batch1	3488139470	512x150
jasdf_e-767	3796706214	?
jasdf_ec-2	3796706214	?
jasdf_f-1	3796706214	?
jasdf_f-15j_2	3796706214	?
jasdf_f-15j_peaceeagle	3434693420	512x168
jasdf_f-15j_peaceeagle	3796706214	?
jasdf_f-35b	3695809489	1024x246
jasdf_f-4ej	3796706214	?
jasdf_t-2	3796706214	?
jgsdf_mv-22b	3695809489	1024x365
jgsdf_mv22b_osprey	3796706214	?
jgsdf_mv22b_osprey	3806466625	512x246
jmsdf_ch53_standalone	3796706214	?
jmsdf_ch53_standalone	3801363152	512x139
jmsdf_cv_shokaku_late	3413868677	512x108
jmsdf_cvn_yamato	3413868677	512x110
jmsdf_dd_asahi	3695809489	1024x338
jmsdf_ddg_atago	3695809489	1024x359
jmsdf_ddg_maya	3695809489	1024x347
jmsdf_ddh_fuso	3413868677	512x143
jmsdf_ddh_hyuga	3802216383	1024x360
jmsdf_ddh_ise	3802216383	1024x360
jmsdf_f_4ej2	3413868677	512x121
jmsdf_hss-2	3796706214	?
jmsdf_kv_107IIA_3	3413868677	512x173
jmsdf_kv_107II_4	3413868677	512x173
jmsdf_ps-1	3796706214	?
jmsdf_sh-60j	3695809489	512x130
jmsdf_sh-60j	3796706214	?
jmsdf_sh-60k	3695809489	512x134
jmsdf_sh-60k	3796706214	?
jmsdf_ssn_unryu	3413868677	512x93
jmsdf_ssn_zuiho	3413868677	512x113
jmsdf_us-1	3796706214	?
jp_aam-3	3755769170	256x256
jp_aam-4	3755769170	256x256
jp_asm-3	3755769170	256x256
jp_f-2a	3755769170	512x148
jp_f-2a	3796706214	?
jp_f-2a_1	3755769170	512x148
jp_f-2a_2	3755769170	512x148
jp_f-2a_3	3755769170	512x148
jp_f-2a_late	3755769170	512x148
jp_f-2a_late	3796706214	?
jp_f-2a_late_1	3755769170	512x148
jp_f-2a_late_2	3755769170	512x148
jp_f-2a_late_3	3755769170	512x148
js_ffg_mogami	3456859157	512x164
js_ssm-1b	3629144864	254x256
kaz_a400m_airdroop-para	3758943352	2560x1440
kaz_a400m_tankers	3758943352	2560x1440
knm_3sm_tyrfing	3629144864	725x725
knm_cb90	3642656500	1024x367
knm_cor_skjold	3642656500	1024x367
knm_nsm_1a	3629144864	800x800
ko_ddg-991	3789208859	1024x328
ko_ddg-995	3789208859	1024x315
ko_ddh-971	3789208859	1024x290
ko_ddh-975_kvls	3789208859	1024x312
ko_ff-951	3789208859	1024x301
ko_ffg-811	3789208859	1024x311
ko_ffg-818	3789208859	1024x324
ko_ffg-828	3789208859	1024x322
ko_lph-6111	3789208859	512x147
ko_pcc-756	3789208859	1024x289
ko_pkg-711	3789208859	512x178
ko_pkm-329	3789208859	512x193
ko_pkmr-211	3789208859	512x195
kortik	3597650470	256x256
mal_a400m_airdroop-para	3758943352	2560x1440
mal_a400m_tankers	3758943352	2560x1440
mbda_aster_15	3629144864	532x532
mbda_aster_30	3629144864	659x659
mbda_aster_30_blk1	3629144864	659x659
mbda_camm	3629144864	504x504
merc_aim-7x	3755769170	256x256
mk141	3575847216	256x256
mlg_27	3575847216	256x256
mm_a184	3629144864	606x606
mm_a184_mod1	3629144864	606x606
mm_a184_mod2	3629144864	606x606
mm_a244_air	3629144864	559x559
mm_a244_ship	3629144864	266x266
mm_a244s_air	3629144864	559x559
mm_a244s_mod1_air	3629144864	559x559
mm_a244s_mod1_ship	3629144864	266x266
mm_a244s_ship	3629144864	266x266
mm_ab212	3505420313	512x159
mm_ab212_91	3505420313	512x159
mm_ab47j	3505420313	512x123
mm_alfa	3629144864	671x671
mm_av-8b_plus	3505420313	511x139
mm_br1150	3505420313	512x175
mm_cg_garibaldi	3505420313	512x145
mm_cgh_andrea_doria	3505420313	512x163
mm_cgh_vittorio_veneto	3505420313	512x144
mm_cgh_vittorio_veneto_69	3505420313	512x144
mm_cgh_vittorio_veneto_91	3505420313	512x144
mm_ddg_audace	3505420313	512x154
mm_ddg_audace_88	3505420313	512x154
mm_ddgh_durand_de_la_penne	3505420313	512x145
mm_ddgh_durand_de_la_penne_02	3505420313	512x145
mm_ddgh_durand_de_la_penne_mlu	3505420313	512x145
mm_ff_alpino	3505420313	512x166
mm_ff_alpino_85	3505420313	512x166
mm_ff_bergamini_60	3505420313	512x167
mm_ff_canopo_50	3505420313	512x182
mm_ffg_lupo	3505420313	512x159
mm_ffg_lupo_84	3505420313	512x159
mm_ffg_maestrale	3505420313	512x162
mm_g6e	3629144864	596x596
mm_lha_garibaldi	3505420313	512x153
mm_lha_garibaldi_91	3505420313	512x153
mm_lha_garibaldi_94	3505420313	512x153
mm_marte	3629144864	460x460
mm_milas	3629144864	647x647
mm_mu_90	3629144864	556x556
mm_mu_90_ship	3629144864	426x426
mm_otomat_mk2_blk1	3629144864	372x373
mm_otomat_mk2_blk2	3629144864	372x373
mm_otomat_mk2_blk4	3629144864	372x373
mm_otomat_mk2e	3629144864	409x409
mm_phm_sparviero	3505420313	512x344
mm_sclar_he	3629144864	577x577
mm_sh-3	3505420313	512x114
mm_sh-3_91	3505420313	512x114
mm_ss_longobardo	3505420313	512x87
mm_ss_lwt_23	3505420313	512x115
mm_ss_sauro	3505420313	512x133
mm_ss_sauro_78	3505420313	512x133
mm_ss_sauro_80s	3505420313	512x133
mm_ss_toti	3505420313	470x147
mm_ss_toti_74	3505420313	470x147
mm_ss_toti_78	3505420313	470x147
mm_ss_toti_80s	3505420313	470x147
mm_ssbn_archimede	3505420313	512x86
mm_ssbn_archimede_74	3505420313	512x86
mm_ssbn_archimede_78	3505420313	512x86
mm_ssbn_archimede_80s	3505420313	512x86
mm_ssn_marconi	3505420313	512x106
mm_ssn_marconi_74	3505420313	512x106
mm_ssn_marconi_78	3505420313	512x106
mm_ssn_marconi_80s	3505420313	512x106
mr760_Fregat_m2m	3597650470	256x256
msdvd_tu-214_AEW	3780118683	512x142
msdvd_tu-214r	3780118683	512x142
msdvd_tu-214r_F	3780118683	512x142
mv22b_osprey	3796706214	?
mv22b_osprey	3806466625	512x288
mys_ptg_perdana	3711297532	512x207
nato_e-3a	3595014060	512x138
naval_p-3ach	3776730617	512x128
nl_nh90	3796706214	?
nl_nh90_tth	3796706214	?
nl_sea_lynx	3455931957	512x145
nl_sea_lynx	3796706214	?
nl_sea_lynx_D	3455931957	512x145
nl_sea_lynx_D	3796706214	?
ods_emad	3493115616	661x1129
ods_fattah	3672497668	1920x1080
ods_fattah	3673703427	1920x1080
ods_scud	3461519690	1066x1063
ods_sejjil	3551676319	429x381
ods_shahed238	3686449681	1200x650
otan_a330_mrtt	3758943352	3620x1440
pa_m2keg	3758943352	530x160
pa_m2keg	3796706214	?
paf_j-10ce	3796706214	?
paf_j-10ce	3812140001	1024x351
paf_j-7PG	3812140001	512x137
paf_jf-17_blk_i	3812140001	512x176
paf_jf-17_blk_ii	3812140001	512x177
paf_jf-17_blk_iii	3812140001	512x177
paf_mirage_iii	3812140001	1024x336
paf_zdk-03	3812140001	512x162
pal_n	3597650470	256x256
palash	3597650470	256x256
ph_f-8h	3591820675	512x170
phl_ff_cannon	3752415457	512x173
phl_ff_hamilton	3752415457	512x176
phl_fs_malvar	3752415457	512x265
phl_fs_pohang	3752415457	512x182
phl_h-76	3796706214	?
phl_lpd_tarlac	3752415457	512x162
phl_pb_jose_andrada	3752415457	512x230
phl_pb_tomas_batilo	3752415457	512x233
phl_pt_jacinto	3752415457	512x142
phl_pt_kagitingan	3752415457	512x150
phl_t28	3752415457	512x166
phl_t28_1	3752415457	512x166
phl_t28_2	3752415457	512x166
pla_9k331	3733719765	256x256
pla_9m331	3733719765	256x256
pla_apc_zbl-08	3733719765	256x256
pla_cj-10	3733719765	256x256
pla_cj-100	3733719765	256x256
pla_cj-100_tel	3733719765	256x256
pla_cj-10_tel	3733719765	256x256
pla_df-10a	3733719765	256x256
pla_df-10a_tel	3733719765	256x256
pla_df-15_tel	3733719765	256x256
pla_df-15b	3733719765	256x256
pla_df-21c	3733719765	256x256
pla_df-21c_tel	3733719765	256x256
pla_df-21d	3733719765	256x256
pla_df-21d_tel	3733719765	256x256
pla_df-26b_ground	3733719765	256x256
pla_df-26b_nuke	3733719765	256x256
pla_df-26b_ship	3733719765	256x256
pla_df-26b_tel	3733719765	256x256
pla_f-5	3796706214	?
pla_h-200a_radar	3733719765	256x256
pla_h-6a	3796706214	?
pla_h-6d	3796706214	?
pla_hj-10a	3733719765	256x256
pla_hq-11	3733719765	256x256
pla_hq-11_tel	3733719765	256x256
pla_hq-16_fcr	3733719765	256x256
pla_hq-16a	3733719765	256x256
pla_hq-16a_tel	3733719765	256x256
pla_hq-16b	3733719765	256x256
pla_hq-16b_tel	3733719765	256x256
pla_hq-17	3733719765	256x256
pla_hq-17_tel	3733719765	256x256
pla_hq-17a	3733719765	256x256
pla_hq-19	3733719765	256x256
pla_hq-19_tel	3733719765	256x256
pla_hq-22a	3733719765	256x256
pla_hq-22a_tel	3733719765	256x256
pla_hq-64	3733719765	256x256
pla_hq-64_search_radar	3733719765	530x160
pla_hq-64_tel	3733719765	530x160
pla_hq-7b	3733719765	256x256
pla_hq-7b_radar	3733719765	530x160
pla_hq-7b_tel	3733719765	530x160
pla_hq-9	3733719765	256x256
pla_hq-9_tel	3733719765	530x160
pla_hq-9b	3733719765	256x256
pla_hq-9b_tel	3733719765	256x256
pla_hq-9c	3733719765	256x256
pla_hq-9c_tel	3733719765	256x256
pla_ht-233_radar	3733719765	530x160
pla_ifv_zbd-04a	3733719765	256x256
pla_j-5	3796706214	?
pla_j-7c	3796706214	?
pla_kj-600	3486502935	512x147
pla_lcq-776_radar	3733719765	256x256
pla_ld-2000	3733719765	530x160
pla_ld-3000	3733719765	256x256
pla_llq-120_radar	3733719765	530x160
pla_llq-305_radar	3733719765	530x160
pla_llq-780_radar	3733719765	256x256
pla_mbt_ztz-96	3410473695	530x160
pla_mbt_ztz-99a	3733719765	256x256
pla_phl-03	3733719765	256x256
pla_q-5	3796706214	?
pla_q-5a	3796706214	?
pla_sam_site_hq-11_small	3733719765	256x256
pla_sam_site_hq-16a	3733719765	256x256
pla_sam_site_hq-16b	3733719765	256x256
pla_sam_site_hq-19	3733719765	256x256
pla_sam_site_hq-22a	3733719765	256x256
pla_sam_site_hq-6_small	3733719765	256x256
pla_sam_site_hq-7b_small	3733719765	256x256
pla_sam_site_hq-9	3733719765	256x256
pla_sam_site_hq-9_morden	3733719765	256x256
pla_slc-14_radar	3733719765	256x256
pla_spa_plz-83	3733719765	256x256
pla_spaa_pgz-09	3508275114	530x160
pla_td_hj-10_zbd-04a	3733719765	256x256
pla_td_ptz-89	3410473695	530x160
pla_td_ztl-11	3733719765	256x256
pla_yj-12_tel	3733719765	256x256
pla_yj-12b	3733719765	256x256
pla_yj-62	3733719765	256x256
pla_yj-62_tel	3733719765	256x256
pla_ylc-18_radar	3733719765	256x256
pla_ylc-xx_radar	3733719765	256x256
pla_z-10a	3796706214	?
pla_z-8	3796706214	?
pla_z21	3796706214	?
plaaf_250-Ⅲ	3433577445	256x256
plaaf_250-Ⅲ	3812111085	256x256
plaaf_500-Ⅱ	3812111085	256x256
plaaf_500-Ⅲ	3433577445	256x256
plaaf_500-Ⅲ	3436170138	256x256
plaaf_500-Ⅲ	3481228992	256x256
plaaf_500-Ⅲ	3812111085	256x256
plaaf_akf-98	3663564190	512x512
plaaf_akf-98	3775128499	512x512
plaaf_akf-98a	3506979898	657x417
plaaf_akf-98a	3663564190	512x512
plaaf_akf-98a	3775128499	512x512
plaaf_bbm2	3663564190	512x512
plaaf_bbm2	3670643788	512x512
plaaf_bbm2	3775128499	512x512
plaaf_cj-20	3812111085	256x256
plaaf_cm-400akg	3506979898	350x162
plaaf_cm401	3506979898	4500x2988
plaaf_gb-1000	3663564190	512x512
plaaf_gb-1000	3775128499	512x512
plaaf_h-6j	3796706214	?
plaaf_h-6j	3812111085	1024x274
plaaf_h-6k	3812111085	1024x245
plaaf_h-6k_early	3796706214	?
plaaf_h-6k_early	3812111085	1024x274
plaaf_h-6k_late	3796706214	?
plaaf_h-6k_late	3812111085	1024x274
plaaf_h-6n	3796706214	?
plaaf_h-6n	3812111085	1024x262
plaaf_h6k	3413868677	512x120
plaaf_j-10a	3796706214	?
plaaf_j-10a	3812111085	512x168
plaaf_j-10a_1	3812111085	512x168
plaaf_j-10a_2	3812111085	512x168
plaaf_j-10a_3	3812111085	512x168
plaaf_j-10c	3796706214	?
plaaf_j-10c	3812111085	512x178
plaaf_j-10cy	3796706214	?
plaaf_j-11	3436170138	530x160
plaaf_j-11	3796706214	?
plaaf_j-11	3812111085	512x140
plaaf_j-11a	3436170138	530x160
plaaf_j-11a	3796706214	?
plaaf_j-11a	3812111085	512x138
plaaf_j-11b	3436170138	530x160
plaaf_j-11b	3796706214	?
plaaf_j-11b	3812111085	512x140
plaaf_j-11bg	3436170138	530x160
plaaf_j-11bg	3796706214	?
plaaf_j-11bg	3812111085	512x139
plaaf_j-11bgh	3796706214	?
plaaf_j-11bgh	3812111085	512x139
plaaf_j-11bh	3796706214	?
plaaf_j-11bh	3812111085	512x138
plaaf_j-11bs	3729578404	512x121
plaaf_j-11bs	3796706214	?
plaaf_j-16	3796706214	?
plaaf_j-16	3812111085	512x152
plaaf_j-16d	3796706214	?
plaaf_j-16d	3812111085	1024x305
plaaf_j-20a	3591563716	512x120
plaaf_j-20a	3796706214	?
plaaf_j-7d	3812111085	512x151
plaaf_j-7e	3812111085	1024x275
plaaf_j-7ii	3812111085	1024x262
plaaf_j-7iiia	3812111085	1024x252
plaaf_j-7Ⅱ	3812111085	530x160
plaaf_j-8b	3812111085	1024x265
plaaf_j-8e	3433577445	530x160
plaaf_j-8e	3812111085	512x133
plaaf_j-8f	3433577445	530x160
plaaf_j-8f	3812111085	512x133
plaaf_j-8iib	3433577445	530x160
plaaf_j-8iib	3812111085	530x160
plaaf_j10c	3481228992	493x174
plaaf_j1f	3413868677	512x135
plaaf_j36	3796706214	?
plaaf_j36	3801549552	512x144
plaaf_j5	3413868677	512x147
plaaf_j7	3413868677	512x130
plaaf_j8j	3413868677	512x103
plaaf_j_36	3413868677	512x51
plaaf_jh2m	3413868677	512x117
plaaf_jh7a	3526982088	2000x639
plaaf_jh7a	3796706214	?
plaaf_jh7a2	3796706214	?
plaaf_jh_6	3413868677	512x150
plaaf_jh_6a	3413868677	512x150
plaaf_jl-1	3812111085	256x256
plaaf_jz-8f	3433577445	530x160
plaaf_jz-8f	3796706214	?
plaaf_jz-8f	3812111085	1024x265
plaaf_kd-63	3812111085	256x256
plaaf_kd-63b	3812111085	256x256
plaaf_kd-63c	3812111085	256x256
plaaf_kd-88	3663564190	512x512
plaaf_kd-88	3775128499	512x512
plaaf_kj-3000	3782020901	512x148
plaaf_kj-3000	3796706214	?
plaaf_kj-500	3637954857	512x160
plaaf_kj-500	3775128499	512x160
plaaf_kj-500	3796706214	?
plaaf_kj100a	3413868677	512x135
plaaf_kj100b	3413868677	512x135
plaaf_ld-8a_LQS	3591563716	1307x756
plaaf_ld-8a_LQS	3670643788	1307x756
plaaf_ls-6	3433577445	256x256
plaaf_ls-6	3436170138	256x256
plaaf_ls-6	3481228992	256x256
plaaf_ls-6	3526982088	256x256
plaaf_ls-6	3812111085	256x256
plaaf_ls-6_250	3663564190	512x512
plaaf_ls-6_250	3775128499	512x512
plaaf_ls-6_250	3812111085	512x512
plaaf_ls-6_500	3506979898	256x256
plaaf_ls-6_500	3663564190	256x256
plaaf_ls-6_500	3775128499	256x256
plaaf_ls-6_500_LQS	3591563716	1249x724
plaaf_ls-6_500_LQS	3670643788	1249x724
plaaf_ls-6_500_zc	3506979898	512x512
plaaf_ls-6_500_zc	3663564190	512x512
plaaf_ls-6_500_zc	3775128499	512x512
plaaf_pl-10	3436170138	256x256
plaaf_pl-10	3481228992	256x256
plaaf_pl-10	3506979898	256x256
plaaf_pl-10	3526982088	256x256
plaaf_pl-10	3663564190	256x256
plaaf_pl-10	3775128499	256x256
plaaf_pl-10	3812111085	256x256
plaaf_pl-10_LQS	3591563716	1165x708
plaaf_pl-10_LQS	3670643788	1165x708
plaaf_pl-12	3433577445	256x256
plaaf_pl-12	3436170138	256x256
plaaf_pl-12	3481228992	256x256
plaaf_pl-12	3526982088	256x256
plaaf_pl-12	3812111085	256x256
plaaf_pl-12a	3663564190	512x512
plaaf_pl-12a	3775128499	512x512
plaaf_pl-15	3436170138	256x256
plaaf_pl-15	3481228992	256x256
plaaf_pl-15	3506979898	256x256
plaaf_pl-15	3526982088	256x256
plaaf_pl-15	3663564190	256x256
plaaf_pl-15	3775128499	256x256
plaaf_pl-15	3812111085	256x256
plaaf_pl-15_LQS	3591563716	1740x892
plaaf_pl-15_S_LQS	3670643788	1740x892
plaaf_pl-15_s	3663564190	512x512
plaaf_pl-15_s	3775128499	512x512
plaaf_pl-16_LQS	3591563716	1556x835
plaaf_pl-16_LQS	3670643788	1556x835
plaaf_pl-17	3506979898	512x512
plaaf_pl-17	3663564190	512x512
plaaf_pl-17	3775128499	512x512
plaaf_pl-17_LQS	3591563716	1907x989
plaaf_pl-17_LQS	3670643788	1907x989
plaaf_pl-2	3812111085	256x256
plaaf_pl-5b	3812111085	256x256
plaaf_pl-5c	3433577445	256x256
plaaf_pl-5c	3812111085	256x256
plaaf_pl-8	3812111085	256x256
plaaf_pl-8b	3433577445	256x256
plaaf_pl-8b	3436170138	256x256
plaaf_pl-8b	3481228992	256x256
plaaf_pl-8b	3526982088	256x256
plaaf_pl-8b	3812111085	256x256
plaaf_pl-9	3812140001	256x256
plaaf_su-27ubk	3729579342	512x126
plaaf_tl-20_LQS	3591563716	1204x730
plaaf_tl-20_LQS	3670643788	1204x730
plaaf_y-20a	3782020901	512x149
plaaf_y-20a	3796706214	?
plaaf_y-20b	3782020901	512x149
plaaf_y-20b	3796706214	?
plaaf_y-20b_albm	3782020901	512x149
plaaf_y-20b_albm	3796706214	?
plaaf_y-9dz	3637954857	512x159
plaaf_y-9dz	3775128499	512x159
plaaf_y-9dz	3796706214	?
plaaf_y-9jz	3637954857	512x158
plaaf_y-9jz	3775128499	512x158
plaaf_y-9jz	3796706214	?
plaaf_y-9lg	3637954857	512x162
plaaf_y-9lg	3775128499	512x162
plaaf_y-9lg	3796706214	?
plaaf_yj-21_LQS	3670643788	1188x892
plaaf_yy-20a	3782020901	512x149
plaaf_yy-20a	3796706214	?
plaf_j16a	3506979898	1745x811
plaf_j16a block3	3506979898	580x333
plaf_j16d	3506979898	1280x720
plan_48n6e1	3775128499	512x512
plan_726_chaff	3775128499	256x256
plan_9m317	3775128499	256x256
plan_cg_type045_early	3413868677	512x143
plan_cg_type045_late	3413868677	512x143
plan_cg_type1164e	3413868677	512x132
plan_cj-10	3775128499	256x256
plan_cj-20	3775128499	256x256
plan_cv_fujian	3486502935	512x125
plan_cv_fujian_rsa	3413868677	512x125
plan_cv_liaoning	3413868677	512x112
plan_cv_type_003	3663564190	512x112
plan_cv_type_003	3775128499	512x112
plan_cvn_004	3486502935	512x119
plan_ddg_type051m	3413868677	512x123
plan_ddg_type956e	3413868677	512x120
plan_ddg_type956e_early	3413868677	512x120
plan_ddg_type_052C	3594891803	512x140
plan_ddg_type_052C_rsa	3413868677	512x141
plan_ddg_type_052D	3594891803	512x136
plan_ddg_type_052D_rsa	3413868677	512x136
plan_ddg_type_055	3594891803	512x130
plan_ddg_type_055_late_rsa	3413868677	512x130
plan_ddg_type_055_rsa	3413868677	512x130
plan_ffg_krivak2	3413868677	512x138
plan_ffg_type_054	3594891803	512x149
plan_ffg_type_054_late_rsa	3413868677	512x149
plan_ffg_type_054_rsa	3413868677	512x149
plan_ffg_type_054a	3594891803	512x148
plan_ffg_type_054a_late_rsa	3413868677	512x149
plan_ffg_type_054a_rsa	3413868677	512x149
plan_ffg_type_054b	3413868677	512x131
plan_hhq-7	3775128499	256x256
plan_hhq-9b	3775128499	256x256
plan_hhq-9c	3775128499	256x256
plan_hq-10	3775128499	256x256
plan_hq-10a	3663564190	256x256
plan_hq-10a	3775128499	256x256
plan_hq-16	3775128499	256x256
plan_hq-16c	3775128499	256x256
plan_j-15	3486502935	512x112
plan_j-15d	3486502935	512x127
plan_j-15dt	3663564190	512x158
plan_j-15dt	3775128499	512x158
plan_j-15dt	3796706214	?
plan_j-15t	3663564190	512x144
plan_j-15t	3775128499	512x144
plan_j-15t	3796706214	?
plan_j-35	3663564190	512x148
plan_j-35	3775128499	512x148
plan_j-35	3796706214	?
plan_j-50	3670643788	512x98
plan_j-50	3796706214	?
plan_j7k	3413868677	512x130
plan_j9	3413868677	512x141
plan_j_15	3413868677	512x119
plan_j_15t	3413868677	512x119
plan_ka-28	3775128499	512x246
plan_ka-28	3796706214	?
plan_ka-31	3775128499	512x248
plan_ka-31	3796706214	?
plan_ka_28	3413868677	512x246
plan_ka_28_mod	3413868677	512x246
plan_kj-600	3663564190	512x167
plan_kj-600	3775128499	512x167
plan_kj-600	3796706214	?
plan_kj1000	3413868677	512x204
plan_kj500a	3413868677	512x147
plan_kj600	3413868677	512x147
plan_kq100	3413868677	512x127
plan_ksb-2	3637954857	256x256
plan_ksb-2	3775128499	256x256
plan_lha_type1143e	3413868677	512x119
plan_mss-02	3663564190	512x512
plan_mss-02	3775128499	512x512
plan_ptg_type037IIE	3413868677	512x206
plan_rbu2000	3775128499	256x256
plan_sh-5	3796706214	?
plan_sh_6	3413868677	512x146
plan_ss_type_039a	3594891803	512x129
plan_ss_type_039a	3594891803	512x129
plan_ss_type_039a	3775128499	512x108
plan_ss_type_039b	3594891803	512x97
plan_ss_type_039b	3594891803	512x97
plan_ss_type_039b	3775128499	512x108
plan_ss_type_039c	3594891803	512x97
plan_ss_type_039c	3594891803	512x97
plan_ssbn_type_094	3594891803	512x77
plan_ssbn_type_094	3594891803	512x77
plan_ssbn_type_094a	3594891803	512x78
plan_ssbn_type_094a	3594891803	512x78
plan_ssbn_type_096	3594891803	512x67
plan_ssbn_type_096	3594891803	512x67
plan_sshn_type_100	3413868677	512x60
plan_ssn_han_rsa	3413868677	512x102
plan_ssn_type_093	3594891803	512x83
plan_ssn_type_093	3594891803	512x83
plan_ssn_type_093_rsa	3413868677	512x93
plan_ssn_type_093a	3594891803	512x84
plan_ssn_type_093a	3594891803	512x84
plan_ssn_type_093a_rsa	3413868677	512x93
plan_ssn_type_093b	3594891803	512x81
plan_ssn_type_093b	3594891803	512x81
plan_ssn_type_093b_rsa	3413868677	512x88
plan_ssn_type_095	3594891803	512x80
plan_ssn_type_095	3594891803	512x80
plan_ssn_type_095_rsa	3413868677	512x93
plan_ssn_type_09x	3594891803	512x59
plan_ssn_type_09x	3594891803	512x59
plan_ssnh_type83	3413868677	512x58
plan_type_051b_1997	3775128499	512x124
plan_type_051b_2017	3775128499	512x130
plan_type_051c	3775128499	512x124
plan_type_052_2004	3775128499	512x116
plan_type_052_2011	3775128499	512x116
plan_type_052b_2004	3775128499	512x121
plan_type_052b_2019	3775128499	512x121
plan_type_052c	3775128499	512x135
plan_type_052d_p1	3775128499	512x135
plan_type_052d_p2_1	3775128499	512x135
plan_type_052d_p2_2	3775128499	512x135
plan_type_052d_p3	3775128499	512x132
plan_type_052d_p4	3775128499	512x132
plan_type_053h3_p1	3775128499	512x159
plan_type_053h3_p2	3775128499	512x159
plan_type_054_p1	3775128499	512x131
plan_type_054_p2	3775128499	512x131
plan_type_054a_p1	3775128499	512x131
plan_type_054a_p2	3775128499	512x133
plan_type_054a_p3	3775128499	512x134
plan_type_054a_p4	3775128499	512x134
plan_type_054a_p5	3775128499	512x133
plan_type_055_2020	3775128499	512x130
plan_type_055_2026	3775128499	512x130
plan_type_056a	3775128499	512x145
plan_y-8fq	3637954857	512x144
plan_y-8fq	3775128499	512x144
plan_y-8fq	3796706214	?
plan_y-9fq	3775128499	512x143
plan_y-9fq	3796706214	?
plan_y10d	3413868677	512x156
plan_yj-15	3663564190	512x512
plan_yj-15	3670643788	512x512
plan_yj-15	3775128499	512x512
plan_yj-17	3775128499	256x256
plan_yj-18a	3775128499	256x256
plan_yj-18c	3775128499	256x256
plan_yj-20	3775128499	256x256
plan_yj-62	3775128499	256x256
plan_yj-83	3775128499	256x256
plan_yj-83a	3775128499	256x256
plan_yj-83kh	3663564190	512x512
plan_yj-83kh	3775128499	512x512
plan_yu-12_air	3637954857	256x256
plan_yu-12_air	3663564190	256x256
plan_yu-12_air	3775128499	256x256
plan_yu-12_ship	3775128499	256x256
plan_yu-12a	3663564190	256x256
plan_yu-12a	3775128499	256x256
plan_yu-15	3775128499	256x256
plan_yu-7c_air	3637954857	256x256
plan_yu-7c_air	3775128499	256x256
plan_yu-7c_ship	3775128499	256x256
plan_yu-8	3775128499	256x256
plan_z-18fa	3663564190	512x169
plan_z-18fa	3775128499	512x169
plan_z-18fa	3796706214	?
plan_z-18ja	3663564190	512x169
plan_z-18ja	3775128499	512x169
plan_z-18ja	3796706214	?
plan_z-18y	3663564190	512x169
plan_z-18y	3775128499	512x169
plan_z-18y	3796706214	?
plan_z-20f	3775128499	512x167
plan_z-20f	3796706214	?
plan_z-8j	3663564190	512x166
plan_z-8j	3775128499	512x166
plan_z-8j	3796706214	?
plan_z-9c	3775128499	512x135
plan_z-9c	3796706214	?
plan_z-9d	3775128499	512x122
plan_z-9d	3796706214	?
plan_z-9f	3775128499	512x119
plan_z-9f	3796706214	?
plan_z-9f_(2020)	3775128499	512x119
plan_z-9f_(2020)	3796706214	?
planaf_lw1_z20j	3796706214	?
planaf_z-20j	3796706214	?
pn_ffg-06	3812454152	1024x319
pn_ffg-150	3812454152	1024x319
pns_ffg_oliver_hazard_perry_longhull	3812140001	512x152
pns_type_054a_p	3812140001	512x132
pol_a330_mrtt	3758943352	3620x1440
pol_f-16c-bl52plus	3758320372	1918x567
pol_f-16c-bl52plus	3796706214	?
profile_plaaf_130-Ⅱ_rocket	3812111085	512x30
profile_plaaf_250-Ⅲ	3812111085	512x69
profile_plaaf_500-Ⅱ	3812111085	512x196
profile_plaaf_500-Ⅲ	3812111085	512x66
profile_plaaf_90-Ⅰ_rocket	3812111085	512x26
profile_plaaf_akf-98	3812111085	512x103
profile_plaaf_akf-98a	3812111085	512x103
profile_plaaf_aspide-1a	3812111085	512x97
profile_plaaf_bbm2	3812111085	512x59
profile_plaaf_gb-1000	3812111085	512x74
profile_plaaf_gb-250	3812111085	512x92
profile_plaaf_gb-3	3812111085	512x75
profile_plaaf_gb-500	3812111085	512x103
profile_plaaf_hs-90a	3812111085	512x28
profile_plaaf_kab-1500kr	3812111085	512x69
profile_plaaf_kd-88	3812111085	512x99
profile_plaaf_kd-88a	3812111085	512x99
profile_plaaf_ld-10	3812111085	512x62
profile_plaaf_ld-8a	3812111085	512x48
profile_plaaf_ld-8a_s	3812111085	512x30
profile_plaaf_ls-6_250	3812111085	512x96
profile_plaaf_ls-6_500	3812111085	512x107
profile_plaaf_ls-6_500_zc	3812111085	512x85
profile_plaaf_pl-10	3812111085	512x62
profile_plaaf_pl-10e	3812140001	512x62
profile_plaaf_pl-12	3812111085	512x62
profile_plaaf_pl-12a	3812111085	512x62
profile_plaaf_pl-15	3812111085	512x48
profile_plaaf_pl-15_s	3812111085	512x30
profile_plaaf_pl-15e	3812140001	512x48
profile_plaaf_pl-17	3812111085	512x38
profile_plaaf_pl-2	3812111085	512x68
profile_plaaf_pl-5b	3812111085	512x75
profile_plaaf_pl-5c	3812111085	512x75
profile_plaaf_pl-5eii	3812140001	512x75
profile_plaaf_pl-8	3812111085	512x94
profile_plaaf_pl-8b	3812111085	512x94
profile_plaaf_sd-10a	3812140001	512x62
profile_plaaf_yj-91_l111	3812111085	512x87
profile_plaaf_yj-91_l112	3812111085	512x87
profile_plaaf_yj-91_l113	3812111085	512x87
profile_plaaf_yj-91a	3812111085	512x87
profile_plan_48n6e1	3775128499	512x56
profile_plan_cj-10	3775128499	512x70
profile_plan_cj-20	3775128499	512x70
profile_plan_hhq-9b	3775128499	512x71
profile_plan_hhq-9c	3775128499	512x27
profile_plan_hq-10	3775128499	512x28
profile_plan_hq-10a	3775128499	512x28
profile_plan_hq-16	3775128499	512x65
profile_plan_hq-16c	3775128499	512x63
profile_plan_mss-01	3775128499	512x48
profile_plan_yj-12a	3775128499	512x57
profile_plan_yj-15	3812111085	512x75
profile_plan_yj-17	3775128499	512x47
profile_plan_yj-18	3775128499	512x41
profile_plan_yj-18a	3775128499	512x41
profile_plan_yj-18c	3775128499	512x44
profile_plan_yj-19	3775128499	512x38
profile_plan_yj-20	3775128499	512x73
profile_plan_yj-62	3775128499	512x67
profile_plan_yj-83	3775128499	512x48
profile_plan_yj-83a	3775128499	512x48
profile_plan_yj-83kh	3812111085	512x87
profile_plan_yj-9	3775128499	512x68
profile_plan_yu-10	3775128499	512x41
profile_plan_yu-11	3775128499	512x54
profile_plan_yu-12_air	3775128499	512x60
profile_plan_yu-12_ship	3775128499	512x64
profile_plan_yu-15	3775128499	512x54
profile_plan_yu-6	3775128499	512x41
profile_plan_yu-6a	3775128499	512x41
profile_plan_yu-7_air	3775128499	512x62
profile_plan_yu-7_ship	3775128499	512x64
profile_plan_yu-8	3775128499	512x68
profile_plan_yu-9	3775128499	512x41
profile_wp_aa-12	3812111085	512x84
qeaf_m2k-5dda	3796706214	?
qeaf_m2k-5dda_late	3796706214	?
qeaf_m2k-5eda	3758943352	530x160
qeaf_m2k-5eda	3796706214	?
qeaf_m2k-5eda_late	3796706214	?
raac_lynx_ah7	3599752717	512x143
raac_lynx_ah7	3796706214	?
raaf_Mirage_IIIO(F)	3455404959	512x131
raaf_Mirage_IIIO(F)_85	3455404959	512x139
raaf_canberra_bomber	3455404959	512x106
raaf_f-111c	3796706214	?
raaf_f-4e	3455404959	512x120
raaf_f-4e_79	3455404959	512x119
raaf_p-3c	3455404959	512x128
raaf_queenair	3455404959	512x174
raaf_winjeel	3455404959	512x166
raf_aim-132	3587877691	256x256
raf_canberra_bomber	3491248180	512x63
raf_ef2000_fgr4	3587877691	512x174
raf_ef2000_fgr4	3796706214	?
raf_ef2000_fgr4_late	3587877691	512x174
raf_ef2000_fgr4_late	3796706214	?
ran_C1A	3455404959	512x170
ran_S-70B-2_Seahawk	3455404959	512x171
ran_S-70B-2_Seahawk_late	3455404959	512x171
ran_S2	3455404959	512x170
ran_S2_late	3455404959	512x170
ran_a-4g	3796706214	?
ran_a-4g_early	3455404959	512x175
ran_a-4g_late	3455404959	512x179
ran_as350	3455404959	512x138
ran_as350_recon	3455404959	512x138
ran_cv_centaur_84	3455404959	512x129
ran_cv_centaur_catobar	3455404959	512x130
ran_cv_invincible	3455404959	512x139
ran_cv_majestic1968	3455404959	512x124
ran_dd_anzac	3455404959	512x148
ran_dd_anzac1968	3455404959	512x148
ran_dd_daring	3455404959	512x136
ran_dd_daring1968	3455404959	512x136
ran_ddg_hobart_alt_early	3413868677	512x176
ran_ddg_hobart_alt_late	3413868677	512x176
ran_ddg_perth_79	3455404959	512x163
ran_ddg_perth_91	3455404959	512x163
ran_ddg_perth_early	3455404959	512x185
ran_de_type15	3455404959	512x149
ran_ffg_adelaide	3455404959	512x152
ran_ffg_adelaide_93	3455404959	512x151
ran_ffg_adelaide_93_mul	3455404959	512x151
ran_ffg_adelaide_ffg_upgrade	3413868677	512x152
ran_ffg_adelaide_late	3455404959	512x151
ran_h34	3455404959	512x126
ran_h34_sar	3455404959	512x126
ran_lsh_tobruk	3455404959	512x153
ran_lsm_lsm1	3455404959	512x181
ran_majestic	3455404959	512x124
ran_majestic_59	3455404959	512x111
ran_melbourne	3455404959	512x124
ran_ms_jeparit	3455404959	512x158
ran_msc_ton	3455404959	512x240
ran_oa_supply	3455404959	512x132
ran_oberon_SSG	3455404959	512x83
ran_oberon_class	3455404959	512x83
ran_pb_attack	3455404959	512x234
ran_pb_fremantle	3455404959	512x228
ran_river	3455404959	512x144
ran_river_early	3455404959	512x146
ran_river_mid	3455404959	512x144
ran_scout	3455404959	512x136
ran_sea_gannet	3455404959	512x168
ran_sea_gannet_aew	3455404959	512x157
ran_sea_harrier84	3455404959	512x144
ran_sea_king_aew2	3455404959	512x139
ran_sea_venom	3455404959	512x136
ran_ss_oberon1968	3455404959	512x83
ran_westlandseaking	3455404959	512x114
rfn_3m14	3597650470	256x256
rfn_3m14t	3597650470	256x256
rfn_3m22	3597650470	256x256
rfn_3m24	3597650470	256x256
rfn_3m24ud	3597650470	256x256
rfn_3m54	3597650470	256x256
rfn_3m54t	3597650470	256x256
rfn_3m55	3597650470	256x256
rfn_5p20k	3597650470	256x256
rfn_5p20k-a	3597650470	256x256
rfn_5p27	3597650470	256x256
rfn_5p27m	3597650470	256x256
rfn_91r1	3597650470	256x256
rfn_9m100	3597650470	256x256
rfn_9m100e	3597650470	256x256
rfn_9m336	3597650470	256x256
rfn_9m96	3597650470	256x256
rfn_9m96dm	3597650470	256x256
rfn_9m96e	3597650470	256x256
rfn_9m96e2-1	3597650470	256x256
rfn_A-190	3597650470	256x256
rfn_A-192	3597650470	256x256
rfn_IROptics	3597650470	256x255
rfn_Zaslon	3597650470	256x256
rfn_ak630m	3597650470	256x256
rfn_ak630m2	3597650470	256x256
rfn_at	3597650470	256x256
rfn_cvt_20380_3-6	3597650470	512x178
rfn_cvt_20380_531	3597650470	512x178
rfn_cvt_20380_550	3597650470	512x178
rfn_cvt_20380_7-12	3597650470	512x178
rfn_cvt_20380_7-9	3597650470	512x178
rfn_cvt_20385	3597650470	512x166
rfn_cvt_21631	3597650470	512x182
rfn_ddg_21956	3597650470	512x157
rfn_ddg_21956_early	3597650470	512x157
rfn_ddg_21956_late	3597650470	512x160
rfn_ddg_21956m	3597650470	512x159
rfn_ffg_11356	3597650470	512x148
rfn_ffg_22350_1-4	3597650470	512x142
rfn_ffg_22350_5-8	3597650470	512x141
rfn_kh35	3597650470	256x256
rfn_kh35u	3597650470	256x256
rfn_kortik	3597650470	256x256
rfn_kortik-m	3597650470	256x256
rfn_lha_11780	3597650470	512x164
rfn_m15at	3597650470	256x256
rfn_mpt1m	3780118683	1018x785
rfn_mr760	3597650470	256x256
rfn_mtt	3597650470	256x256
rfn_pal-n	3597650470	256x256
rfn_palash	3597650470	256x256
rfn_sa-n-7c	3597650470	256x256
rn_2inch	3491248180	595x576
rn_ah_lynx	3491248180	512x134
rn_buccaneer_s1	3491248180	512x146
rn_buccaneer_s2	3491248180	512x146
rn_buccaneer_s2b	3491248180	512x150
rn_churchill_class_ssn	3491248180	512x109
rn_cv_centaur	3491248180	512x129
rn_cv_centaur_catobar	3491248180	512x130
rn_cv_centaur_catobar_73	3491248180	512x130
rn_cv_centaur_commando	3491248180	512x130
rn_cv_invincible	3491248180	512x140
rn_cv_invincible_deckparks	3491248180	512x139
rn_cv_invincible_refit	3491248180	512x140
rn_cv_invincible_refit_deckparks	3491248180	512x139
rn_dd_type42_batch2	3491248180	512x160
rn_dd_type42_batch3	3491248180	512x160
rn_dd_type42_refit	3491248180	512x160
rn_ddg_county-class_batch_1_75	3491248180	512x115
rn_ddg_county-class_batch_2_75	3491248180	512x115
rn_ddg_county-class_batch_2_82	3491248180	512x115
rn_ddg_type45	3599752717	512x165
rn_ddg_type45_22	3599752717	512x165
rn_ddg_type45_26	3599752717	512x165
rn_ff_leander_1963	3491248180	512x161
rn_ff_leander_1963_noVDS	3491248180	512x161
rn_ff_leander_batch1	3491248180	512x161
rn_ff_leander_batch2	3491248180	512x160
rn_ff_leander_batch2_1963	3491248180	512x160
rn_ff_leander_batch3	3491248180	512x160
rn_ff_rothesay	3491248180	512x162
rn_ff_type23	3599752717	512x132
rn_ff_type23_early	3599752717	512x128
rn_ff_type23_mlu	3599752717	512x128
rn_ff_type42	3491248180	512x160
rn_firestreak	3491248180	595x576
rn_gp_1000	3491248180	595x576
rn_gp_500	3491248180	595x576
rn_harrier_gr3	3491248180	512x133
rn_lph_ocean	3599752717	512x116
rn_lph_ocean_asw	3599752717	512x116
rn_lph_ocean_asw_00	3599752717	512x116
rn_lph_ocean_asw_13	3599752717	512x116
rn_lynx_has2	3491248180	512x130
rn_lynx_has3	3491248180	512x130
rn_mark8_mod4	3491248180	595x576
rn_mbt_chieftain	3491248180	1706x518
rn_mbt_mk13	3491248180	1920x1080
rn_mbt_mk5-1	3491248180	1920x1080
rn_merlin_aew	3796706214	?
rn_merlin_hm1	3599752717	512x157
rn_merlin_hm1	3796706214	?
rn_merlin_hm2	3599752717	512x157
rn_merlin_hm2	3796706214	?
rn_merlin_hma	3796706214	?
rn_mk23	3491248180	595x576
rn_mk24	3491248180	595x576
rn_mk30_air	3491248180	595x576
rn_mk44_air	3491248180	595x576
rn_mk_11	3491248180	595x576
rn_nimrod_aew3	3491248180	512x112
rn_nimrod_mr1	3491248180	512x120
rn_nimrod_mr2	3491248180	512x118
rn_nimrod_r1	3491248180	512x130
rn_oberon_class	3491248180	512x83
rn_opv_river_batch2	3599752717	512x205
rn_red_top	3491248180	595x576
rn_rp_3_ap	3491248180	595x576
rn_rp_3_ap	3628247436	595x576
rn_rp_3_sap	3455404959	595x576
rn_rp_3_sap	3491248180	595x576
rn_rp_3_sap	3628247436	595x576
rn_sea_eagle	3491248180	595x576
rn_sea_eagle_arm	3491248180	595x576
rn_sea_eagle_asm	3491248180	595x576
rn_sea_eagle_rd	3491248180	595x576
rn_sea_eagle_tv	3491248180	595x576
rn_sea_gannet	3491248180	512x164
rn_sea_gannet_aew	3491248180	512x164
rn_sea_gannet_aew_7	3491248180	512x181
rn_sea_gannet_ecm	3491248180	512x168
rn_sea_harrier	3491248180	512x142
rn_sea_harrier_early	3491248180	512x142
rn_sea_king	3491248180	512x114
rn_sea_king_aew	3491248180	512x139
rn_sea_king_has6	3599752717	512x114
rn_sea_king_has6	3796706214	?
rn_sea_king_hc4	3599752717	512x114
rn_sea_king_hc4	3796706214	?
rn_sea_lynx	3455931957	512x145
rn_sea_lynx	3491248180	512x145
rn_sea_lynx	3796706214	?
rn_sea_lynx_3	3491248180	512x129
rn_sea_lynx_has3	3599752717	512x145
rn_sea_lynx_has3	3796706214	?
rn_sea_lynx_mk8	3599752717	512x148
rn_sea_lynx_mk8	3796706214	?
rn_sea_skua	3455931957	595x576
rn_sea_skua	3491248180	595x576
rn_sea_vixen	3491248180	512x114
rn_seacat	3491248180	595x576
rn_seadart	3491248180	595x576
rn_seaslug	3491248180	595x576
rn_seaslug_2	3491248180	595x576
rn_stingray	3491248180	595x576
rn_stingray_air	3491248180	595x576
rn_swiftsure_class_ssn	3491248180	512x114
rn_type22b12	3491248180	512x139
rn_type22b2	3491248180	512x140
rn_valiant_class_ssn	3491248180	512x109
rn_wasp	3491248180	512x144
rn_wessex	3491248180	512x126
rnn_ao_karel_0	3444379330	512x134
rnn_ddg_zeven	3444379330	512x145
rnn_ddg_zeven_mlu	3444379330	512x145
rnn_ffg_Van_Galen	3444379330	512x141
rnn_ffg_hol_0	3444379330	512x150
rnn_ffg_karel	3444379330	512x161
rnn_ffg_karel_eol	3444379330	512x158
rnn_ffg_karel_mlu	3444379330	512x158
rnn_ffg_tromp	3444379330	512x131
rnn_lpd_johan_0	3444379330	512x152
rnn_mcm_city	3444379330	512x170
rnn_ss_dolfijn	3444379330	512x84
rnn_ssk_orka_0	3444379330	512x93
rnn_ssk_zwaardvis	3444379330	512x121
rnn_usv_12m_0	3444379330	512x179
rnzaf_a-4k	3455404959	512x188
rnzn_ff_leander_batch1	3455404959	512x161
rnzn_ff_leander_batch2	3455404959	512x160
rnzn_ff_leander_batch3	3455404959	512x160
rnzn_ff_leander_batch3refit	3455404959	512x160
rnzn_ff_rothesay	3455404959	512x144
rnzn_sh-2gi	3455404959	512x153
rnzn_wasp	3455404959	512x145
rok_f-50_ph	3752415457	640x189
rok_f-50_ph	3796706214	?
rok_mk99	3789208859	512x113
rok_mk99	3796706214	?
rok_mk99_a	3789208859	512x110
rok_mk99_a	3796706214	?
rok_t-50_idn	3796706214	?
rok_t-50_tha	3711297532	640x189
rok_t-50_tha	3796706214	?
rok_uh60	3789208859	512x133
rok_uh60	3796706214	?
rs_a330_mrtt	3758943352	3620x1440
ru_9m340e	3508275114	256x256
ru_cv_kuznetsov	3438479626	512x118
ru_cv_varyag	3438479626	512x121
ru_spaa_mt-lb_sosna	3508275114	530x160
scalp-eg	3758320372	1204x1024
se_jas-39	3520352434	640x189
se_jas-39	3796706214	?
shahed_tel_black	3497601759	1357x644
shahed_tel_white	3497601759	1357x644
sing_a330_mrtt	3758943352	3620x1440
sp_a330_mrtt	3758943352	3620x1440
sp_ec_665_had-e	3796706214	?
sp_nh90_mspt	3796706214	?
sp_nh90_tth	3796706214	?
spa_ARIES_NAV	3731208477	256x256
spa_ARIES_SCH	3731208477	256x256
spa_a400m_airdroop-para	3758943352	2560x1440
spa_a400m_tankers	3758943352	2560x1440
spa_ab212	3630495619	512x159
spa_ab212	3796706214	?
spa_ab212_1	3630495619	512x159
spa_ab212_2	3630495619	512x159
spa_agm-114m	3731208477	256x256
spa_agm-119b	3731208477	256x256
spa_agm-65f	3731208477	256x256
spa_ah-1g	3630495619	512x124
spa_ah-1g	3796706214	?
spa_aim-120b	3731208477	256x256
spa_aim-120c	3731208477	256x256
spa_aim-9juli	3630495619	256x256
spa_av-8a	3630495619	512x168
spa_av-8b	3731208477	512x155
spa_av-8b_1	3731208477	512x155
spa_av-8b_plus	3731208477	512x150
spa_av-8b_plus_1	3731208477	512x150
spa_bme-330	3630495619	256x256
spa_br-250	3630495619	256x256
spa_br-500	3630495619	256x256
spa_brp-250	3630495619	256x256
spa_brps-250	3630495619	256x256
spa_brps-500	3630495619	256x256
spa_ef2000	3731208477	512x189
spa_ef2000	3796706214	?
spa_ef2000_1	3731208477	512x189
spa_ef2000_2	3731208477	512x189
spa_ef2000_3	3731208477	512x189
spa_ef2000_4	3731208477	512x189
spa_f-18a	3731208477	512x153
spa_f-18a	3796706214	?
spa_f-18a_1	3731208477	512x153
spa_f-18a_2	3731208477	512x153
spa_f-18a_3	3731208477	512x153
spa_f-18a_4	3731208477	512x153
spa_f-18a_5	3731208477	512x153
spa_f-18m	3731208477	512x156
spa_f-18m	3796706214	?
spa_f-18m_1	3731208477	512x156
spa_f-18m_2	3731208477	512x156
spa_f-18m_3	3731208477	512x156
spa_f-18m_4	3731208477	512x156
spa_f-4c	3630495619	512x142
spa_f104g	3630495619	512x116
spa_f104g	3796706214	?
spa_f17mod2	3630495619	256x256
spa_f1c	3630495619	512x164
spa_f1c	3796706214	?
spa_f1c_0	3630495619	512x152
spa_f1e	3630495619	512x164
spa_f1e	3796706214	?
spa_iris-t	3731208477	256x256
spa_kepd-350	3731208477	256x256
spa_l5mod4	3630495619	256x256
spa_litening	3731208477	256x256
spa_md500	3630495619	512x158
spa_md500	3796706214	?
spa_md500 - copia	3630495619	512x158
spa_md500_2	3630495619	512x158
spa_meteor	3731208477	256x256
spa_mirage_iii	3796706214	?
spa_mirage_iii_1	3630495619	512x145
spa_mk14	3630495619	256x256
spa_p-3a	3630495619	512x140
spa_p-3a	3796706214	?
spa_saes_mine	3731208477	256x256
spa_sh-3d	3630495619	512x114
spa_sh-3d	3796706214	?
spa_sh-3d_2	3630495619	512x114
spa_sh-3d_AEW	3630495619	512x114
spa_sh-3d_AEW	3796706214	?
spa_sh-3d_AEW_1	3630495619	512x114
spa_sh-60b	3731208477	512x134
spa_sh-60b	3796706214	?
spa_sh-60b_1	3731208477	512x134
spa_sh-60b_block1	3731208477	512x134
spa_sh-60b_block1	3796706214	?
spa_sh-60b_block1_1	3731208477	512x134
spa_sh-60bv1	3731208477	512x134
spa_sh-60bv1	3796706214	?
spa_sh-60bv1_1	3731208477	512x134
spa_sh-60bv1_block1	3731208477	512x134
spa_sh-60bv1_block1	3796706214	?
spa_sh-60bv1_block1_1	3731208477	512x134
su_aa-10a	3434072450	502x502
su_aa-10a	3438479626	502x502
su_aa-10b	3434072450	609x609
su_aa-10b	3438479626	609x609
su_aa-10c	3434072450	1041x719
su_aa-10c	3438479626	1041x719
su_aa-10c_navy	3438479626	1041x719
su_aa-10d	3434072450	709x578
su_aa-10d	3438479626	709x578
su_aa-11	3434072450	1044x829
su_aa-11	3438479626	1044x829
su_aa-12	3434072450	686x686
su_aa-12	3438479626	686x686
su_aa-12_1	3434072450	772x844
su_aa-12m	3434072450	913x927
su_aa-13	3434072450	808x887
su_as-14	3434072450	982x884
su_as-17	3434072450	846x846
su_as-17a	3434072450	846x846
su_as-18	3434072450	867x845
su_as-20	3434072450	891x767
su_kab-1500kr	3434072450	942x939
su_kh-35	3434072450	891x767
su_kh-38	3434072450	812x832
swe_fsg_visby_v5	3642656500	1024x309
swe_fsg_visby_v6	3642656500	1024x309
swe_rbs15_mk3	3575847216	778x777
swe_rbs15_mk3	3629144864	778x777
swe_sjunkbomb_m33_DC	3629144864	985x985
swe_sjunkbomb_m33_DC	3642656500	985x985
swe_spaa_ito_90m	3508275114	530x160
swe_torped_47	3629144864	1299x1299
swe_torped_47	3642656500	1299x1299
tha_S-70B-7_Seahawk	3711297532	512x171
tha_ab212	3711297532	512x159
tha_aor_chula	3711297532	512x229
tha_cvl_chakri_naruebet	3711297532	512x141
tha_f-16c	3711297532	640x189
tha_f-16c	3796706214	?
tha_ff_053HT	3711297532	512x140
tha_ff_053HT_H	3711297532	512x140
tha_ff_cannon	3711297532	512x173
tha_ff_knox_84	3711297532	512x176
tha_ff_makut_rajakumarn	3711297532	512x151
tha_ff_makut_rajakumarn_88	3711297532	512x151
tha_ffg_naresuan	3711297532	512x140
tha_fs_khamronsin	3711297532	512x142
tha_fs_ratanakosin	3711297532	512x226
tha_fs_tapi	3711297532	512x182
tha_lst_sichang	3711297532	512x111
tha_pb_m21	3711297532	512x230
tha_pt_chonburi	3711297532	512x142
tha_pt_hua_hin	3711297532	512x142
tha_pt_sattahip	3711297532	512x207
tha_ptg_prabrarapak	3711297532	512x206
tha_ptg_ratcharit	3711297532	512x206
tha_s-70b-7_seahawk	3796706214	?
thai_a330_mrtt	3758943352	3620x1440
tuaf_f-16c	3758320372	1918x567
tuaf_f-16c	3796706214	?
tuaf_som-j	3758320372	1220x1029
tur_a400m_airdroop-para	3758943352	2560x1440
tur_a400m_tankers	3758943352	2560x1440
tw_m2k-5di	3796706214	?
tw_m2k-5ei	3758943352	530x160
tw_m2k-5ei	3796706214	?
type_209	3776730617	512x96
type_21+ACSL_lynx	3491248180	512x151
uae_a330_mrtt	3758943352	3620x1440
uae_m2k-9	3796706214	?
uae_m2k-9_dad	3796706214	?
uae_m2k_dad	3796706214	?
uae_m2k_ead	3796706214	?
uae_m2k_rad	3796706214	?
uk_a330_mrtt	3758943352	3620x1440
uk_a400m_airdroop-para	3758943352	2560x1440
uk_a400m_tankers	3758943352	2560x1440
uk_ah_mk_1	3425450153	512x158
uk_ah_mk_1	3796706214	?
uk_brimstone_l_heli	3425450153	256x256
uk_brimstone_mmw_heli	3425450153	256x256
uk_mbt_fv4030_4	3410473695	530x160
uk_starstreak	3425450153	512x512
ukr_m2k-5f	3796706214	?
us_gbu-31v3	3758320372	941x837
usa_a-10a	3414146266	529x162
usa_a-10a	3796706214	?
usa_a-10c	3459682829	529x162
usa_a-10c	3796706214	?
usa_agm-114b_misaka	3425450153	256x256
usa_agm-114k	3559495372	1092x1079
usa_agm-114k	3567228449	256x256
usa_agm-114l	3559495372	1071x1079
usa_agm-114l_misaka	3425450153	256x256
usa_ah-1s	3796706214	?
usa_ah-64a	3425450153	512x158
usa_ah-64a	3796706214	?
usa_ah-64a_2	3425450153	512x158
usa_ah-64a_3	3425450153	512x158
usa_ah-64a_4	3425450153	512x158
usa_ah-64a_5	3425450153	512x158
usa_ah-64a_6	3425450153	512x158
usa_ah-64d	3425450153	512x158
usa_ah-64d	3796706214	?
usa_ah-64d_2	3425450153	512x157
usa_ah-64d_3	3425450153	512x158
usa_ah-64d_4	3425450153	512x158
usa_ah-64d_5	3425450153	512x158
usa_ah-64d_6	3425450153	512x158
usa_ah-64d_7	3425450153	512x158
usa_ah-64d_8	3425450153	512x158
usa_ah-64d_9	3425450153	512x158
usa_ah-64e	3425450153	512x158
usa_ah-64e	3796706214	?
usa_ah-64e_1	3425450153	512x158
usa_ah-64e_2	3425450153	512x158
usa_ah-64e_3	3425450153	512x158
usa_ah-64e_4	3425450153	512x158
usa_ah-64e_5	3425450153	512x158
usa_ah-64e_6	3425450153	512x158
usa_ah-64e_7	3425450153	512x158
usa_ah-64e_8	3425450153	512x158
usa_ah-64e_9	3425450153	512x158
usa_aim-120c-5_ground	3508275114	256x256
usa_aim-92_misaka	3425450153	256x256
usa_aim-9x_blk2_air	3418252667	256x256
usa_aim-9x_ground	3508275114	256x256
usa_an_mpq-53_radar	3437105712	530x160
usa_an_mpq-65_radar	3437105712	530x160
usa_apkws_2_m282	3425450153	512x512
usa_ch-47	3796706214	?
usa_mh-60a	3796706214	?
usa_mh-60l_dap	3796706214	?
usa_mim-104b_mi	3437105712	256x256
usa_mim-104c_mi	3437105712	256x256
usa_mim-104d_mi	3437105712	256x256
usa_mim-104e_mi	3437105712	256x256
usa_mim-104f_mi	3437105712	256x256
usa_mim-146	3508275114	256x256
usa_oh-58a	3796706214	?
usa_oh-58d	3796706214	?
usa_pac-1_launcher	3437105712	530x160
usa_pac-2_1990_launcher	3437105712	530x160
usa_pac-2_2000_launcher	3437105712	530x160
usa_pac-3_launcher	3437105712	530x160
usa_sam_site_pac-1_small	3437105712	256x256
usa_sam_site_pac-2_small	3437105712	256x256
usa_sam_site_pac-3_small	3437105712	256x256
usa_slm_tads_hmmwv	3508275114	530x160
usa_slm_tel_hmmwv	3508275114	530x160
usa_spaa_adats	3508275114	530x160
usa_spaa_m247	3508275114	530x160
usa_uh-60	3796706214	?
usaf_ac-130a	3559495372	512x205
usaf_ac-130a	3796706214	?
usaf_ac-130a_83	3559495372	546x220
usaf_ac-130a_83	3796706214	?
usaf_ac-130h	3559495372	546x220
usaf_ac-130h	3796706214	?
usaf_ac-130j	3559495372	512x207
usaf_ac-130j	3796706214	?
usaf_agm-158_f-2a - Copy	3755769170	256x256
usaf_agm-158c_f-2a	3755769170	256x256
usaf_agm-65d	3629144864	352x352
usaf_aim-120a_f-2a	3755769170	256x256
usaf_aim-120b	3553116604	1031x942
usaf_aim-120b_f-2a	3755769170	256x256
usaf_aim-120c7	3737267013	1351x982
usaf_aim-120d	3758320372	1031x942
usaf_aim-4d	3606134711	256x256
usaf_b-1b_dts	3652097318	512x118
usaf_b-1b_dts	3796706214	?
usaf_b-2_spirit	3796706214	?
usaf_b-52d	3796706214	?
usaf_b-52g	3796706214	?
usaf_b-52h_419_flts	3502273861	512x133
usaf_b-52o	3413868677	512x124
usaf_bolt-117	3606134711	256x256
usaf_c-130e	3796706214	?
usaf_c-141b	3796706214	?
usaf_e-3a	3796706214	?
usaf_e-3c_ods	3796706214	?
usaf_e-3g	3781062859	512x130
usaf_e-3g	3796706214	?
usaf_e-7a	3796706214	?
usaf_e-8a	3796706214	?
usaf_f-117	3448845252	530x160
usaf_f-117	3796706214	?
usaf_f-15a	3796706214	?
usaf_f-15c	3796706214	?
usaf_f-15e_SE	3553116604	512x160
usaf_f-15e_SE	3796706214	?
usaf_f-15ex_SEII	3636386513	512x157
usaf_f-15ex_SEII	3796706214	?
usaf_f-16a	3416372890	640x189
usaf_f-16c	3758320372	640x189
usaf_f-16cm-bl52d	3758320372	1918x567
usaf_f-16cm-bl52d	3796706214	?
usaf_f-22	3418252667	640x189
usaf_f-22	3796706214	?
usaf_f-22_s5	3418252667	640x189
usaf_f-22_s5	3796706214	?
usaf_f-22_s6	3418252667	640x189
usaf_f-22_s6	3796706214	?
usaf_f-2a	3755769170	512x148
usaf_f-2a_1	3755769170	512x148
usaf_f-2a_2	3755769170	512x148
usaf_f-2a_3	3755769170	512x148
usaf_f-2a_4	3755769170	512x148
usaf_f-2a_5	3755769170	512x148
usaf_f-2a_6	3755769170	512x148
usaf_f-2a_7	3755769170	512x148
usaf_f-2a_8	3755769170	512x148
usaf_f-2a_late	3755769170	512x148
usaf_f-2a_late_1	3755769170	512x148
usaf_f-2a_late_2	3755769170	512x148
usaf_f-2a_late_3	3755769170	512x148
usaf_f-2a_late_4	3755769170	512x148
usaf_f-2a_late_5	3755769170	512x148
usaf_f-2a_late_6	3755769170	512x148
usaf_f-2a_late_7	3755769170	512x148
usaf_f-2a_late_8	3755769170	512x148
usaf_f-4d	3796706214	?
usaf_f-4e	3796706214	?
usaf_f-5a	3796706214	?
usaf_f-5a_19	3630495619	512x144
usaf_f-5e	3796706214	?
usaf_f_15c_2040c	3413868677	512x136
usaf_f_47	3413868677	512x47
usaf_gbu-24	3607989779	480x480
usaf_gbu-54	3758320372	497x458
usaf_hh-3	3796706214	?
usaf_kc-10a_extender	3740293822	1830x557
usaf_kc-135a	3796706214	?
usaf_kc-135e	3796706214	?
usaf_kc-135r	3796706214	?
usaf_kc-46a_boom	3744475027	1840x549
usaf_kc-46a_boom	3796706214	?
usaf_kc-46a_warp	3744475027	1840x644
usaf_kc-46a_warp	3796706214	?
usaf_mc-130e	3796706214	?
usaf_mq-9_er	3503670861	512x141
usaf_mq-9_er	3796706214	?
usaf_mq-9a	3503670861	512x141
usaf_mq-9a	3758943352	512x141
usaf_mq-9a	3796706214	?
usaf_rc-135u	3796706214	?
usaf_rc-135v	3796706214	?
usaf_rc-135w	3796706214	?
usaf_rc_135	3413868677	512x125
usaf_rq-180	3796113927	512x84
usaf_rq-180	3796706214	?
usaf_stratotanker	3722749887	512x130
usaf_stratotanker_1	3722749887	512x130
usaf_stratotanker_2	3722749887	512x130
usaf_u-2	3468959181	512x136
usaf_u-2_1960	3468959181	512x136
usaf_vc-137c	3796706214	?
usaf_yf-23_black_widow_ii	3796706214	?
usmc_agm-65e	3629144864	384x384
usmc_ah-1t	3796706214	?
usmc_ah-1w	3737267013	512x117
usmc_ah-1w	3796706214	?
usmc_ah-1w_late	3737267013	512x127
usmc_ah-1w_late	3796706214	?
usmc_ah_1w	3413868677	512x124
usmc_av-8a	3796706214	?
usmc_av-8b+	3737267013	512x146
usmc_av-8b+	3796706214	?
usmc_av_8b	3413868677	512x142
usmc_av_8b_plus	3413868677	512x140
usmc_ch-46e	3737267013	512x173
usmc_ch-46e	3796706214	?
usmc_ch-53	3796706214	?
usmc_ch53_standalone	3796706214	?
usmc_ch53_standalone	3801363152	512x139
usmc_f-35b	3737267013	1024x246
usmc_f-35b	3796706214	?
usmc_kc-130j	3737267013	512x211
usmc_kc-130j	3796706214	?
usmc_kc-130t	3737267013	512x211
usmc_kc-130t	3796706214	?
usmc_mv-22b	3796706214	?
usmc_uh-1y	3737267013	546x148
usmc_uh-1y	3796706214	?
usmc_vh-3d	3478767194	512x168
usmc_vh-3d	3796706214	?
usn_ForpostR705	3796706214	?
usn_Mugin5705	3796706214	?
usn_a-3b	3796706214	?
usn_a-6e	3796706214	?
usn_a-6g	3413868677	512x156
usn_a-7e	3796706214	?
usn_a_6f	3413868677	512x156
usn_aem_james_madison	3413868677	512x61
usn_aem_nathan_hale	3413868677	512x111
usn_agm-12b	3491248180	595x576
usn_agm-176	3559495372	675x713
usn_agm-65d	3459682829	256x256
usn_agm-65d	3607989779	480x480
usn_agm-65d	3758320372	1031x949
usn_agm-65f	3629144864	412x412
usn_agm-84n	3606774881	480x480
usn_agm-88	3758320372	1259x1024
usn_agm-88g	3418252667	256x256
usn_agm-88g	3737267013	256x256
usn_ah-64na	3425450153	512x136
usn_aim-120c-5_air	3418252667	256x256
usn_aim-120d-3	3418252667	256x256
usn_aim-174b	3737267013	882x937
usn_aim-260a	3418252667	256x256
usn_aim-9m_10	3459682829	256x256
usn_aim-9x	3737267013	903x1064
usn_aim-9x	3758320372	903x1064
usn_aim-9xb2+	3607989779	480x480
usn_arrw	3502273861	474x518
usn_bb_iowa_vls_refit	3413868677	512x126
usn_bbg_hercules_gun	3413868677	512x131
usn_bbg_hercules_vls	3413868677	512x131
usn_bbg_trump	3413868677	512x106
usn_cg_kansas_late	3413868677	512x137
usn_cg_ticonderogaABL	3413868677	512x149
usn_cg_ticonderogaVLS	3413868677	512x149
usn_cg_ticonderogaVLS_early	3413868677	512x149
usn_cg_ticonderoga_vls_1996	3390330875	1024x298
usn_cg_ticonderoga_vls_2004	3390330875	1024x298
usn_cg_ticonderoga_vls_2011	3390330875	1024x298
usn_cg_ticonderoga_vls_2013	3390330875	1024x298
usn_cg_ticonderoga_vls_2018	3390330875	1024x298
usn_cg_ticonderoga_vls_2025	3390330875	1024x298
usn_cgn_alaska_vls	3413868677	512x145
usn_cgn_california_alt	3413868677	512x155
usn_cgn_virginia_vls_refit	3413868677	512x168
usn_ch-46	3796706214	?
usn_ch-46d	3737267013	512x140
usn_ch-46d	3796706214	?
usn_cvn_ford	3461044389	512x112
usn_cvn_ford_jsf	3461044389	512x112
usn_cvn_ford_legacy	3461044389	512x112
usn_cvn_gerald_r_ford	3413868677	512x114
usn_cvn_nimitz_2000s	3461091581	512x110
usn_cvn_nimitz_2000s_adou	3461091581	512x110
usn_cvn_nimitz_2025	3390330875	1024x223
usn_cvn_nimitz_alt	3413868677	512x110
usn_cvn_united_states	3413868677	512x110
usn_cvn_united_states_early	3413868677	512x110
usn_cvn_united_states_late	3413868677	512x110
usn_dd_spruance2000	3413868677	512x153
usn_dd_spruance_1994	3413868677	512x153
usn_dd_spruance_2003	3413868677	512x153
usn_dd_spruance_mk71	3390330875	1024x307
usn_dd_spruance_ram	3390330875	1024x307
usn_dd_spruance_vls	3390330875	1024x307
usn_ddg-1000	3390330875	1024x233
usn_ddg-1000_cps	3390330875	1024x263
usn_ddg_arleigh_burke_flight1_1991	3413868677	512x176
usn_ddg_arleigh_burke_flight1_1997	3413868677	512x176
usn_ddg_arleigh_burke_flight1_2003	3413868677	512x176
usn_ddg_arleigh_burke_flight1_2013	3413868677	512x176
usn_ddg_arleigh_burke_flight1_2016	3413868677	512x176
usn_ddg_arleigh_burke_flight1_2025	3413868677	512x176
usn_ddg_arleigh_burke_flight2_1998	3413868677	512x176
usn_ddg_arleigh_burke_flight2_2003	3413868677	512x176
usn_ddg_arleigh_burke_flight2_2013	3413868677	512x176
usn_ddg_arleigh_burke_flight2_2016	3413868677	512x176
usn_ddg_arleigh_burke_flight2_2025	3413868677	512x176
usn_ddg_arleigh_burke_flight2a_2000	3413868677	512x176
usn_ddg_arleigh_burke_flight2a_2003	3413868677	512x176
usn_ddg_arleigh_burke_flight2a_2013	3413868677	512x176
usn_ddg_arleigh_burke_flight2a_2019	3413868677	512x176
usn_ddg_arleigh_burke_flight2a_2026	3413868677	512x176
usn_ddg_arleigh_burke_flight2a_2030	3413868677	512x176
usn_ddg_arleigh_burke_flight2a_HELIOS	3413868677	512x176
usn_ddg_arleigh_burke_flight3_2023	3413868677	512x176
usn_ddg_arleigh_burke_flight3_2027	3413868677	512x176
usn_ddg_arleigh_burke_flight3_2030	3413868677	512x176
usn_ddg_arleigh_burke_flight3_HELIOS	3413868677	512x176
usn_ddg_arleigh_concept	3390330875	1024x331
usn_ddg_burke_f1_051	3390330875	1024x353
usn_ddg_burke_f1_051_early	3390330875	1024x353
usn_ddg_burke_f1_051_late	3390330875	1024x353
usn_ddg_burke_f1_052	3390330875	1024x353
usn_ddg_burke_f1_052_early	3390330875	1024x353
usn_ddg_burke_f1_052_late	3390330875	1024x353
usn_ddg_burke_f1_054	3390330875	1024x353
usn_ddg_burke_f1_054_early	3390330875	1024x353
usn_ddg_burke_f1_054_late	3390330875	1024x353
usn_ddg_burke_f1_062_late	3390330875	1024x353
usn_ddg_burke_f2_072	3390330875	1024x353
usn_ddg_burke_f2_072_early	3390330875	1024x353
usn_ddg_burke_f2_072_late	3390330875	1024x353
usn_ddg_burke_f2_075_late	3390330875	1024x353
usn_ddg_burke_f2a_079	3390330875	1024x356
usn_ddg_burke_f2a_079_late	3390330875	1024x356
usn_ddg_burke_f2a_080	3390330875	1024x356
usn_ddg_burke_f2a_080_late	3390330875	1024x356
usn_ddg_burke_f2a_081	3390330875	1024x356
usn_ddg_burke_f2a_081_late	3390330875	1024x356
usn_ddg_burke_f2a_084_late	3390330875	1024x356
usn_ddg_burke_f2a_085	3390330875	1024x356
usn_ddg_burke_f2a_085_late	3390330875	1024x356
usn_ddg_burke_f2a_088_laser	3390330875	1024x356
usn_ddg_burke_f2a_088_late	3390330875	1024x356
usn_ddg_burke_f2a_089	3390330875	1024x356
usn_ddg_burke_f2a_089_late	3390330875	1024x356
usn_ddg_burke_f2a_091	3390330875	1024x356
usn_ddg_burke_f2a_091_late	3390330875	1024x356
usn_ddg_burke_f2a_091_sewip	3390330875	1024x356
usn_ddg_burke_f2a_097	3390330875	1024x356
usn_ddg_burke_f2a_097_late	3390330875	1024x356
usn_ddg_burke_f2a_097_sewip	3390330875	1024x356
usn_ddg_burke_f2a_099	3390330875	1024x356
usn_ddg_burke_f2a_099_late	3390330875	1024x356
usn_ddg_burke_f2a_100_late	3390330875	1024x356
usn_ddg_burke_f2a_108	3390330875	1024x356
usn_ddg_burke_f2a_108_late	3390330875	1024x356
usn_ddg_burke_f2a_113	3390330875	1024x356
usn_ddg_burke_f2a_117	3390330875	1024x356
usn_ddg_burke_f2a_119	3390330875	1024x356
usn_ddg_burke_f3_125	3390330875	1024x356
usn_ddg_burke_f3_concept	3390330875	1024x356
usn_ddg_ddgx	3413868677	512x140
usn_ddg_moosbrugger	3413868677	512x153
usn_ddg_oldendorf	3413868677	512x153
usn_ddg_richard_morris	3413868677	512x106
usn_e-2c	3796706214	?
usn_e-2d	3413868677	512x140
usn_e-2d	3737267013	512x139
usn_e-2d	3796706214	?
usn_e_2c_group2_plus	3413868677	512x147
usn_ea-18g	3737267013	512x131
usn_ea-18g	3796706214	?
usn_ea-18g_2020	3737267013	512x134
usn_ea-18g_2020	3796706214	?
usn_ea-6b	3796706214	?
usn_ea-6b_late	3413868677	512x142
usn_ea_18g_rsa	3413868677	512x134
usn_ea_6b_96	3413868677	512x142
usn_eka-3b	3796706214	?
usn_ep-3e	3737267013	512x144
usn_ep-3e	3796706214	?
usn_ep-3e_late	3737267013	512x151
usn_ep-3e_late	3796706214	?
usn_es-3a	3390330875	512x214
usn_es-3a	3796706214	?
usn_f-14a	3796706214	?
usn_f-14b	3737267013	1024x240
usn_f-14e	3413868677	512x123
usn_f-35b	3796706214	?
usn_f-35c	3737267013	512x136
usn_f-35c	3796706214	?
usn_f-4j	3796706214	?
usn_f-8a	3591820675	512x170
usn_f-8b	3591820675	512x169
usn_f-8c	3591820675	512x170
usn_f-8d	3591820675	512x169
usn_f-8e	3591820675	512x167
usn_f-8h	3591820675	512x170
usn_f-8j	3591820675	512x168
usn_f-8k	3591820675	512x170
usn_f-8l	3591820675	512x170
usn_f_14d	3413868677	512x122
usn_f_35c	3413868677	512x136
usn_fa-18a	3796706214	?
usn_fa-18a+	3737267013	512x124
usn_fa-18a+	3796706214	?
usn_fa-18c(n)	3737267013	512x124
usn_fa-18c(n)	3796706214	?
usn_fa-18d	3737267013	512x124
usn_fa-18d	3796706214	?
usn_fa-18e	3737267013	512x129
usn_fa-18e	3796706214	?
usn_fa-18f	3737267013	512x129
usn_fa-18f	3796706214	?
usn_fa-18f_blk3	3737267013	512x129
usn_fa-18f_blk3	3796706214	?
usn_fa_18c_rsa	3413868677	512x124
usn_fa_18d_rsa	3413868677	512x124
usn_fa_18e_rsa	3413868677	512x129
usn_fa_18f_rsa	3413868677	512x129
usn_fa_xx	3413868677	512x47
usn_ffg_constellation	3413868677	512x173
usn_ffg_knox1991	3413868677	512x176
usn_ffg_oliver_hazard_perry_mlu	3390330875	1024x304
usn_ffg_oliver_hazard_perry_vls_refit	3413868677	512x152
usn_gbu-12d	3607989779	480x480
usn_gbu-27_117	3448845252	256x256
usn_gbu-31_10	3459682829	256x256
usn_gbu-31_117	3448845252	256x256
usn_gbu-31_qcsk	3607989779	480x480
usn_gbu-31_v1	3737267013	1094x1079
usn_gbu-31v4	3607989779	480x480
usn_gbu-38_10	3459682829	256x256
usn_gbu-38_qcsk	3607989779	480x480
usn_gbu-39	3418252667	256x256
usn_gbu-39_10	3459682829	256x256
usn_gbu-53	3607989779	480x480
usn_gbu-53	3737267013	742x736
usn_hh-60	3737267013	512x153
usn_hh-60	3796706214	?
usn_ircps	3629144864	1037x1037
usn_jsm	3737267013	741x694
usn_jsm_land	3737267013	1010x761
usn_ka-3b	3796706214	?
usn_lcs_freedom_suw_early	3390330875	1024x323
usn_lcs_freedom_suw_late	3390330875	1024x323
usn_lha_tarawa_refit	3413868677	512x138
usn_lha_tripoli	3413868677	512x139
usn_lhd_wasp	3390330875	1024x273
usn_mh-60r	3590477166	512x139
usn_mh-60r	3737267013	512x153
usn_mh-60r	3796706214	?
usn_mh-60r_26	3390330875	512x133
usn_mh-60r_26	3796706214	?
usn_mk-83	3607989779	480x480
usn_mk48_7	3606774881	480x480
usn_mk54_air	3606774881	480x480
usn_mk54_ship	3606774881	480x480
usn_ms_c4_armed	3485917612	512x129
usn_ms_c4_armed_61	3485917612	512x129
usn_ms_c4_armed_62	3485917612	512x129
usn_ms_c4_armed_63	3485917612	512x129
usn_ms_c4_armed_64	3485917612	512x129
usn_ms_c4_armed_65	3485917612	512x129
usn_orlan10705	3796706214	?
usn_p-2h	3796706214	?
usn_p-3c	3796706214	?
usn_p-3d	3413868677	512x128
usn_p-8a	3737267013	1024x296
usn_p-8a	3796706214	?
usn_p8	3602046770	512x156
usn_p_8a	3413868677	512x135
usn_pac3_mse	3629144864	1445x1426
usn_phm_pegasus_rsa	3413868677	512x293
usn_phm_pegasus_rsa_early	3413868677	512x293
usn_qh-50c	3796706214	?
usn_qh-50d	3796706214	?
usn_qh_50e	3413868677	512x248
usn_ra-3b	3796706214	?
usn_ra-5c	3796706214	?
usn_rf-8a	3591820675	512x170
usn_rf-8g	3591820675	512x170
usn_rgm-109e	3606774881	480x480
usn_rgm-109e5	3629144864	800x800
usn_rgm-109e5a	3629144864	800x800
usn_rgm-109e5b	3629144864	800x800
usn_rgm-109j	3606774881	480x480
usn_rgm-84g	3606774881	480x480
usn_rim-116a	3629144864	256x256
usn_rim-116b	3629144864	256x256
usn_rim-116c	3629144864	528x528
usn_rim-116d	3629144864	528x528
usn_rim-116e	3629144864	528x528
usn_rim-161c	3629144864	1275x1273
usn_rim-161d	3629144864	985x985
usn_rim-161e	3606774881	480x480
usn_rim-162a	3629144864	832x832
usn_rim-162b	3629144864	832x832
usn_rim-162c	3629144864	832x832
usn_rim-162d	3629144864	832x832
usn_rim-162e	3629144864	832x832
usn_rim-162f	3629144864	832x832
usn_rim-162h	3629144864	927x927
usn_rim-162j	3629144864	927x927
usn_rim-162k	3629144864	927x927
usn_rim-174a	3629144864	800x800
usn_rim-174b	3629144864	800x800
usn_rim-174c	3629144864	600x600
usn_rim-66m-2	3629144864	1101x1101
usn_rim-66m-5	3629144864	1212x1212
usn_rim-66n	3629144864	935x935
usn_rim-66p	3629144864	856x856
usn_rim-7p	3629144864	256x256
usn_rq7705	3796706214	?
usn_rum-139c	3606774881	480x480
usn_s-3a	3796706214	?
usn_s-3b	3413868677	512x214
usn_sh-2f	3796706214	?
usn_sh-2g	3413868677	512x153
usn_sh-3h	3796706214	?
usn_sh-3j	3413868677	512x114
usn_sh-60b	3737267013	512x148
usn_sh-60b	3796706214	?
usn_sh-60f	3737267013	512x153
usn_sh-60f	3796706214	?
usn_sh_3h	3413868677	512x114
usn_siaw	3418252667	256x256
usn_ssbn_columbia	3413868677	512x69
usn_ssbn_george_washington	3390330875	512x80
usn_ssbn_ohio	3433957933	512x69
usn_ssgn_ohio	3433957933	512x70
usn_ssgn_virginia_blk5_vpm	3390330875	1024x157
usn_ssn_los_angeles_flight2	3413868677	512x82
usn_ssn_los_angeles_flight3	3413868677	512x82
usn_ssn_los_angeles_flt2_90	3390330875	1024x155
usn_ssn_los_angeles_flt3_90	3390330875	1024x155
usn_ssn_seawolf	3433957933	512x92
usn_ssn_seawolf_carter	3433957933	512x79
usn_ssn_seawolf_carter_rsa	3413868677	512x75
usn_ssn_seawolf_late_rsa	3413868677	512x93
usn_ssn_seawolf_rsa	3413868677	512x93
usn_ssn_virginia	3433957933	512x78
usn_ssn_virginia_block1	3390330875	1024x187
usn_ssn_virginia_block1_2015	3390330875	1024x193
usn_ssn_virginia_block1_2026	3390330875	1024x193
usn_ssn_virginia_block2	3390330875	1024x195
usn_ssn_virginia_block2_2015	3390330875	1024x191
usn_ssn_virginia_block2_2026	3390330875	1024x193
usn_ssn_virginia_block3	3390330875	1024x193
usn_ssn_virginia_block3_2026	3390330875	1024x194
usn_ssn_virginia_block4	3390330875	1024x195
usn_ssn_virginia_block5	3390330875	1024x194
usn_ssn_virginia_seal	3433957933	512x78
usn_trident	3629144864	1758x1758
usn_ugm-109j	3606774881	480x480
usn_ugm-133a	3629144864	1758x1758
usn_ugm-84d	3606774881	540x540
usn_ugm-96a	3629144864	1430x1430
usn_v-19a	3796706214	?
usn_v-22	3737267013	1024x916
wp_1l269_kra	3732654992	1920x1080
wp_3k60	3732654992	922x587
wp_3m54t	3673908868	256x256
wp_3m54t	3717610332	256x256
wp_9k331	3508275114	530x160
wp_9k332	3508275114	256x256
wp_9k38	3508275114	256x256
wp_9m114	3513571010	575x520
wp_9m17m	3465256032	256x256
wp_9m338	3508275114	256x256
wp_a-50	3524112296	1821x553
wp_a-50	3796706214	?
wp_a-50b	3524112296	1821x553
wp_a-50g	3524112296	1821x553
wp_a-50u	3524112296	1821x553
wp_a-50u	3796706214	?
wp_a-50ub	3524112296	1821x553
wp_a-50ubr	3524112296	1821x553
wp_a_50	3413868677	252x74
wp_a_50u	3413868677	252x74
wp_as1	3455404959	595x576
wp_at-2um	3780118683	801x535
wp_bdk_ivan_rogov_90	3413868677	512x180
wp_bpk_udaloy3	3413868677	512x136
wp_bpk_udaloy_98	3413868677	512x136
wp_cv_orel_1991	3417446309	512x112
wp_em_sovremenny_98	3413868677	512x122
wp_em_sovremenny_vls	3413868677	512x122
wp_emad_tel	3493115616	1842x364
wp_fattah_tel	3672497668	1768x807
wp_fattah_tel	3673703427	1768x807
wp_il-22pp	3796706214	?
wp_il-38	3796706214	?
wp_il-76md	3524112296	1856x557
wp_il-76md	3796706214	?
wp_il-76mdg	3524112296	1856x557
wp_il-76mdg	3796706214	?
wp_il-78	3796706214	?
wp_il_76md	3413868677	252x74
wp_k-47m2_kinzhal	3799742828	256x256
wp_ka-25	3796706214	?
wp_ka-25ts	3796706214	?
wp_ka-27	3796706214	?
wp_ka-27rdl	3776340577	512x248
wp_ka-27rdl	3796706214	?
wp_ka-29	3796706214	?
wp_ka_25e	3413868677	512x238
wp_ka_27PL	3413868677	512x246
wp_ka_27PL	3796706214	?
wp_krivakv	3673908868	512x138
wp_krivakv	3717610332	512x138
wp_lim-6	3796706214	?
wp_mi-14	3796706214	?
wp_mi-24p	3513571010	512x157
wp_mi-24p	3796706214	?
wp_mi-24v	3513571010	512x157
wp_mi-24v	3796706214	?
wp_mi-24vp	3513571010	512x157
wp_mi-24vp	3796706214	?
wp_mi-8ew	3796706214	?
wp_mi-8t	3465256032	530x160
wp_mi-8t	3796706214	?
wp_mi-8tv	3465256032	530x160
wp_mi-8tv	3796706214	?
wp_mig-17	3796706214	?
wp_mig-21	3796706214	?
wp_mig-23a	3796706214	?
wp_mig-23mld	3796706214	?
wp_mig-23ms	3796706214	?
wp_mig-25bm	3796706214	?
wp_mig-25p	3796706214	?
wp_mig-25pd	3796706214	?
wp_mig-25pu	3796706214	?
wp_mig-25rb	3796706214	?
wp_mig-27	3796706214	?
wp_mig-28	3796706214	?
wp_mig-29a	3416372890	640x189
wp_mig-29a	3417446309	512x141
wp_mig-29a	3796706214	?
wp_mig-29a_1	3417446309	512x141
wp_mig-29a_2	3417446309	512x141
wp_mig-29a_3	3417446309	512x141
wp_mig-29a_4	3417446309	512x141
wp_mig-29a_5	3417446309	512x141
wp_mig-29k	3417446309	512x141
wp_mig-29k	3796706214	?
wp_mig-29k_941	3417446309	512x141
wp_mig-29k_941	3796706214	?
wp_mig-29k_947	3417446309	512x141
wp_mig-29k_947	3796706214	?
wp_mig-29k_947_2	3417446309	512x141
wp_mig-29m2_967	3417446309	512x141
wp_mig-29m2_967	3796706214	?
wp_mig-29m2_967_2	3417446309	512x141
wp_mig-29m_915	3417446309	512x141
wp_mig-29m_915	3796706214	?
wp_mig-29m_961	3417446309	512x141
wp_mig-29m_961	3796706214	?
wp_mig-29m_961_2	3417446309	512x141
wp_mig-29smt_918	3417446309	512x141
wp_mig-29smt_918	3796706214	?
wp_mig-29smt_918_2	3417446309	512x141
wp_mig-31	3796706214	?
wp_mig-31	3799742828	512x139
wp_mig-31bm	3796706214	?
wp_mig-31bm	3799742828	512x139
wp_mig-31k	3796706214	?
wp_mig-31k	3799742828	512x139
wp_mig-35	3659742367	512x145
wp_mig-35	3796706214	?
wp_mig_23am_98	3413868677	512x141
wp_mpk_grisha_mu	3732654992	1450x780
wp_mrk_nanuchka3_rsa	3413868677	512x208
wp_ms_poltava_armed	3485917612	512x138
wp_ms_poltava_armed_80	3485917612	512x138
wp_ms_poltava_armed_81	3485917612	512x138
wp_ms_poltava_armed_82	3485917612	512x138
wp_ms_poltava_armed_83	3485917612	512x138
wp_ms_poltava_armed_84	3485917612	512x138
wp_ms_poltava_armed_85	3485917612	512x138
wp_ms_poltava_armed_86	3485917612	512x138
wp_ms_poltava_armed_87	3485917612	512x138
wp_ms_poltava_armed_88	3485917612	512x138
wp_ms_poltava_armed_89	3485917612	512x138
wp_ms_poltava_armed_90	3485917612	512x138
wp_ms_poltava_armed_91	3485917612	512x138
wp_ms_poltava_armed_92	3485917612	512x138
wp_p-42	3796706214	?
wp_p_42_98	3413868677	512x203
wp_p_42_rldn_98	3413868677	512x204
wp_ptg_tarantul_mr	3732654992	512x218
wp_ptg_tarantul_r60	3732654992	512x218
wp_ptg_tarantul_r71	3732654992	512x218
wp_r-33	3799742828	256x256
wp_r-37	3799742828	256x256
wp_r-77-1	3799742828	256x256
wp_r-77m	3799742828	256x256
wp_rkr_admiral_nakhimov_refit	3413868677	512x123
wp_rkr_slavaLU	3732654992	512x135
wp_rkr_slava_16	3413868677	512x135
wp_rkr_slava_98	3413868677	512x135
wp_rkr_varyag_08	3413868677	512x125
wp_rkr_varyag_12	3413868677	512x134
wp_rkr_varyag_95	3413868677	512x125
wp_rs26	3732654992	1206x1037
wp_sam_site_s-300ps	3732654992	1920x1080
wp_scud_9k72	3461519690	546x145
wp_sejjil_tel	3551676319	1868x382
wp_skr_admiral_gorshkov_alt_rsa	3413868677	512x148
wp_skr_admiral_gorshkov_m_rsa	3413868677	512x148
wp_skr_admiral_gorshkov_rsa	3413868677	512x148
wp_skr_admiral_grigorovich_rsa	3413868677	512x136
wp_skr_armed_partizan	3485917612	512x180
wp_skr_armed_partizan_68	3485917612	512x180
wp_skr_armed_partizan_69	3485917612	512x180
wp_skr_armed_partizan_70	3485917612	512x180
wp_skr_armed_partizan_71	3485917612	512x180
wp_skr_armed_partizan_72	3485917612	512x180
wp_skr_armed_partizan_73	3485917612	512x180
wp_skr_armed_partizan_74	3485917612	512x180
wp_skr_armed_partizan_75	3485917612	512x180
wp_skr_armed_partizan_76	3485917612	512x180
wp_spaa_mt-lb_2m-3	3508275114	530x160
wp_spaa_mt-lb_s-60	3508275114	530x160
wp_spaa_mt-lb_zu-23	3508275114	530x160
wp_spaa_sa-19	3508275114	530x160
wp_spaa_sa-19a	3508275114	530x160
wp_spaa_sa-n-11	3508275114	256x256
wp_spaa_sa-n-11a	3508275114	256x256
wp_spaa_zsu-23-4	3508275114	256x256
wp_spaa_zsu-23-4m4	3508275114	256x256
wp_ss-n-26	3629144864	1364x1364
wp_ss-n-26b	3629144864	1364x1364
wp_ss_improved_kilo	3413868677	512x116
wp_ss_kilo_877v	3732654992	512x104
wp_ssbn_borei	3468260539	512x57
wp_ssbn_delta4	3468260539	1920x1080
wp_ssbn_delta4	3732654992	1920x1080
wp_ssbn_redoctober	3468260539	512x97
wp_ssbn_typhoon	3468260539	512x97
wp_ssgn_belgorod	3468260539	512x78
wp_ssgn_oscar2	3468260539	512x64
wp_ssgn_yasen	3468260539	512x68
wp_ssn_akula	3468260539	512x88
wp_ssn_sierra1	3468260539	512x90
wp_ssn_sierra2	3468260539	512x85
wp_su-15	3796706214	?
wp_su-15+	3673908868	512x104
wp_su-15+	3717610332	512x104
wp_su-24a	3796706214	?
wp_su-24m	3796706214	?
wp_su-24mpk_90	3796706214	?
wp_su-24sm3	3796706214	?
wp_su-25	3451166840	530x160
wp_su-25	3796706214	?
wp_su-25sm3	3451166840	530x160
wp_su-25sm3	3796706214	?
wp_su-27	3434072450	545x150
wp_su-27	3796706214	?
wp_su-27sm	3434072450	545x150
wp_su-27sm	3796706214	?
wp_su-30m	3434072450	546x149
wp_su-30m	3796706214	?
wp_su-30sm	3434072450	546x149
wp_su-30sm	3796706214	?
wp_su-30sm2	3796706214	?
wp_su-33	3438479626	545x145
wp_su-33	3796706214	?
wp_su-33sm2	3796706214	?
wp_su-35s	3434072450	545x154
wp_su-35s	3796706214	?
wp_su-57	3503594612	512x118
wp_su-57	3796706214	?
wp_su15+	3673908868	480x264
wp_su15+	3717610332	480x264
wp_su_33	3413868677	512x121
wp_su_47	3413868677	512x118
wp_taifun_98	3413868677	512x167
wp_taifun_ew_98	3413868677	512x163
wp_tavkr_leningrad_98	3413868677	512x113
wp_tavkr_ulyanovsk	3413868677	512x108
wp_td_2s25	3410473695	530x160
wp_tochka	3732654992	631x566
wp_tu-142m	3796706214	?
wp_tu-16	3796706214	?
wp_tu-160	3509329205	1600x500
wp_tu-160	3796706214	?
wp_tu-16k	3796706214	?
wp_tu-16n	3796706214	?
wp_tu-16p	3796706214	?
wp_tu-22m2	3796706214	?
wp_tu-22m3	3796706214	?
wp_tu-22m3m	3796706214	?
wp_tu-95_bearg	3796706214	?
wp_tu-95ma	3587091564	512x122
wp_tu-95ma	3732654992	512x122
wp_tu-95rt	3796706214	?
wp_tu95ms	3715323261	903x586
wp_yak-38	3796706214	?
wp_yak-41	3796706214	?
wp_yak_44	3413868677	512x147
yf23_f23a_block10_1998	3796706214	?
yf23_f23a_block20_2005	3796706214	?
yf23_f23a_block30_2016	3796706214	?
yf23_f23a_block40_2025	3796706214	?
yf23_f23a_block40_strike_2025	3796706214	?
yns_cv_kuznetsov	3438479626	512x118
yns_su-33	3438479626	545x145
