id,priority,kind,category,original_filename,source_url,creator,license_expression,license_as_published,attribution_required,original_width,original_height,duration_seconds,game_use,derivative_filename,modifications,sha256,status
p8a_whidbey,P1,still,isr,"Boeing_P-8A_Poseidon_of_VP-69_at_NAS_Whidbey_Island,_Washington_(USA),_circa_in_2023.jpg","https://commons.wikimedia.org/wiki/File:Boeing_P-8A_Poseidon_of_VP-69_at_NAS_Whidbey_Island,_Washington_(USA),_circa_in_2023.jpg",U.S. Navy,LicenseRef-PD-USGov,,false,,,,loading+menu,,,,awaiting download (tools/fetch-media-pack.ps1)
cspoc,P2,still,command,Combined_Space_Operations_Center_(CSpOC)_staff_monitor_workstations_(9237933).jpg,https://commons.wikimedia.org/wiki/File:Combined_Space_Operations_Center_(CSpOC)_staff_monitor_workstations_(9237933).jpg,David Dozoretz / U.S. Space Force,LicenseRef-PD-USGov,,false,,,,menu+loading,,,,awaiting download (tools/fetch-media-pack.ps1)
e2d_philippine_sea,P3,still,isr,An_E-2D_Advanced_Hawkeye_flies_in_formation_over_the_Philippine_Sea_during_Pacific_Steller_2025_(8872518).jpg,https://commons.wikimedia.org/wiki/File:An_E-2D_Advanced_Hawkeye_flies_in_formation_over_the_Philippine_Sea_during_Pacific_Steller_2025_(8872518).jpg,Petty Officer 2nd Class Isaiah Goessl / U.S. Navy,LicenseRef-PD-USGov,,false,,,,loading+menu,,,,awaiting download (tools/fetch-media-pack.ps1)
lincoln_csg,P4,still,naval,Abraham_Lincoln_Carrier_Strike_Group_Conducts_Photo_Exercise.jpg,https://commons.wikimedia.org/wiki/File:Abraham_Lincoln_Carrier_Strike_Group_Conducts_Photo_Exercise.jpg,MC1 Jesse Monford / U.S. Navy,LicenseRef-PD-USGov,,false,,,,loading+menu,,,,awaiting download (tools/fetch-media-pack.ps1)
triton,P6,still,isr,Triton_completes_first_flight._(8793150905).jpg,https://commons.wikimedia.org/wiki/File:Triton_completes_first_flight._(8793150905).jpg,Daniel Perales / U.S. Navy,LicenseRef-PD-USGov,,false,,,,loading,,,,awaiting download (tools/fetch-media-pack.ps1)
caoc,P8,still,command,Combined_Air_Operations_Center_151007-F-MS415-019.jpg,https://commons.wikimedia.org/wiki/File:Combined_Air_Operations_Center_151007-F-MS415-019.jpg,Tech. Sgt. Joshua Strang / U.S. Air Force,LicenseRef-PD-USGov,,false,,,,loading+menu,,,,awaiting download (tools/fetch-media-pack.ps1)
u2_cockpit,P9,still,isr,"U-2_Dragon_Lady_'Anytime,_Anyplace'_130108-F-JA766-009.jpg","https://commons.wikimedia.org/wiki/File:U-2_Dragon_Lady_'Anytime,_Anyplace'_130108-F-JA766-009.jpg",Airman 1st Class Drew Buchanan / U.S. Air Force,LicenseRef-PD-USGov,,false,,,,loading,,,,awaiting download (tools/fetch-media-pack.ps1)
kc46_e2d,P10,still,airpower,"Boeing_KC-46A_Pegasus_of_the_412th_Test_Wing_conducts_tanker-receiver_aerial_refueling_compatibility_testing_with_a_Northrop_Grumman_E-2D_Hawkeye_of_VX-20_near_NAS_Patuxent_River,_Maryland_(USA),_16_April_2024.JPG","https://commons.wikimedia.org/wiki/File:Boeing_KC-46A_Pegasus_of_the_412th_Test_Wing_conducts_tanker-receiver_aerial_refueling_compatibility_testing_with_a_Northrop_Grumman_E-2D_Hawkeye_of_VX-20_near_NAS_Patuxent_River,_Maryland_(USA),_16_April_2024.JPG",Erik Hildebrandt / U.S. Navy,LicenseRef-PD-USGov,,false,,,,loading,,,,awaiting download (tools/fetch-media-pack.ps1)
rc135,P11,still,isr,RC-135_Rivet_Joint.jpg,https://commons.wikimedia.org/wiki/File:RC-135_Rivet_Joint.jpg,Master Sgt. Lance Cheung / U.S. Air Force,LicenseRef-PD-USGov,,false,,,,loading,,,,awaiting download (tools/fetch-media-pack.ps1)
te_kaha,P12,still,naval,HMNZS_Te_Kaha_(F77)_underway_in_the_Philippine_Sea_on_2_July_2017.JPG,https://commons.wikimedia.org/wiki/File:HMNZS_Te_Kaha_(F77)_underway_in_the_Philippine_Sea_on_2_July_2017.JPG,MCS2 Holly Herline / U.S. Navy,LicenseRef-PD-USGov,,false,,,,loading,,,,awaiting download (tools/fetch-media-pack.ps1)
cic_vinson,P16,still,command,CIC-USS-CarlVinson-2001.jpg,https://commons.wikimedia.org/wiki/File:CIC-USS-CarlVinson-2001.jpg,Photographer's Mate Airman Inez Lawson / U.S. Navy,LicenseRef-PD-USGov,,false,,,,loading,,,,awaiting download (tools/fetch-media-pack.ps1)
f35a_hill,P17,still,airpower,"F-35A_Lightning_II_at_Hill_Air_Force_Base,_Utah.jpg","https://commons.wikimedia.org/wiki/File:F-35A_Lightning_II_at_Hill_Air_Force_Base,_Utah.jpg",Staff Sgt. Kaitlyn Ergish / U.S. Air Force,LicenseRef-PD-USGov,,false,,,,loading,,,,awaiting download (tools/fetch-media-pack.ps1)
kc46_b1,P19,still,airpower,"A_KC-46A_Pegasus,_takes_off_on_a_mission_to_refuel_a_B-1B_Lancer.jpg","https://commons.wikimedia.org/wiki/File:A_KC-46A_Pegasus,_takes_off_on_a_mission_to_refuel_a_B-1B_Lancer.jpg",Senior Airman Alexi Bosarge / U.S. Air Force,LicenseRef-PD-USGov,,false,,,,loading,,,,awaiting download (tools/fetch-media-pack.ps1)
rq4,P20,still,isr,RQ-4_Global_Hawk.jpg,https://commons.wikimedia.org/wiki/File:RQ-4_Global_Hawk.jpg,Stacey Knott / U.S. Air Force,LicenseRef-PD-USGov,,false,,,,loading,,,,awaiting download (tools/fetch-media-pack.ps1)
b2,P21,still,airpower,US_Air_Force_B-2_Spirit.jpg,https://commons.wikimedia.org/wiki/File:US_Air_Force_B-2_Spirit.jpg,U.S. Air Force,LicenseRef-PD-USGov,,false,,,,loading,,,,awaiting download (tools/fetch-media-pack.ps1)
sm3_decatur,P23,still,naval,SM-3_launch-USS_Decatur.jpg,https://commons.wikimedia.org/wiki/File:SM-3_launch-USS_Decatur.jpg,U.S. Navy,LicenseRef-PD-USGov,,false,,,,loading,,,,awaiting download (tools/fetch-media-pack.ps1)
global_hawk_wide,P24,still,isr,16_19_133_global_hawk.jpg,https://commons.wikimedia.org/wiki/File:16_19_133_global_hawk.jpg,Dsdugan,CC0-1.0,,false,,,,loading,,,,awaiting download (tools/fetch-media-pack.ps1)
p8a_scs_video,P5,video,isr,U.S._Navy_P-8A_Poseidon_flies_over_new_islands_in_South_China_Sea_-2_PeKnUKeVDMo.webm,https://commons.wikimedia.org/wiki/File:U.S._Navy_P-8A_Poseidon_flies_over_new_islands_in_South_China_Sea_-2_PeKnUKeVDMo.webm,U.S. Navy,LicenseRef-PD-USGov,,false,,,,menu-video,,,,deferred: stage two (menu video)
triton_video,P7,video,isr,Unmanned_MQ-4C_Triton_Completes_First_Flight_1080p.webm,https://commons.wikimedia.org/wiki/File:Unmanned_MQ-4C_Triton_Completes_First_Flight_1080p.webm,U.S. Navy,LicenseRef-PD-USGov,,false,,,,menu-video,,,,deferred: stage two (menu video)
nimitz_video,P13,video,naval,USS_Nimitz_Air_Power_Demonstration.webm,https://commons.wikimedia.org/wiki/File:USS_Nimitz_Air_Power_Demonstration.webm,MCS3 Samuel Souvannason / U.S. Navy,CC-BY-3.0,,true,,,,menu-video,,,,deferred: stage two (menu video)
x47b_video,P14,video,naval,X-47B_Completes_First_Carrier-based_Launch_(Short)_2.ogv,https://commons.wikimedia.org/wiki/File:X-47B_Completes_First_Carrier-based_Launch_(Short)_2.ogv,U.S. Navy,LicenseRef-PD-USGov,,false,,,,menu-video,,,,deferred: stage two (menu video)
cold_response_video,P15,video,airpower,100th_ARW_operates_during_Cold_Response_26_(999980).webm,https://commons.wikimedia.org/wiki/File:100th_ARW_operates_during_Cold_Response_26_(999980).webm,Staff Sgt. Jason Cochran / U.S. Air Force,LicenseRef-PD-USGov,,false,,,,menu-video,,,,deferred: stage two (menu video)
atlantic_trident_video,P18,video,airpower,Atlantic_Trident_2017_-_Teaser.webm,https://commons.wikimedia.org/wiki/File:Atlantic_Trident_2017_-_Teaser.webm,"Enrique Barcelo, Amanda Dole, Airman Nicolas Myers / Joint Base Langley-Eustis",LicenseRef-PD-USGov,,false,,,,menu-video,,,,deferred: stage two (menu video)
f35c_landing_video,P22,video,naval,F-35C_First_Carrier_Landing_1.webm,https://commons.wikimedia.org/wiki/File:F-35C_First_Carrier_Landing_1.webm,U.S. Navy,LicenseRef-PD-USGov,,false,,,,menu-video,,,,deferred: stage two (menu video)
