id,theme,label,file,source_asset_id,source_width,source_height,output_width,output_height,source_page,creator,license,license_url,sha256,method,resolution_note,engine_path,status,gallery_reference_file,source_download_url,input_sha256
hobart,Surface fleet,Hobart class,visuals/loading/hobart_1920x1080.jpg,hobart,1920,1280,1920,1080,https://commons.wikimedia.org/wiki/File:HMAS_Hobart_(DDG_39)_participating_in_the_International_Fleet_Review_2022.jpg,https://www.mod.go.jp/msdf/index.html  海上自衛隊,CC BY 4.0,https://creativecommons.org/licenses/by/4.0,57b81791bd8eab8b76ab1a7dc6c39fa537e2d59ef963ec7eec0bf8b2794adbbb,"Conventional Lanczos resize and dark letterboxing. No cropping, recolouring, generative fill, AI enhancement or AI imagery.",Photographic source fitted to widescreen canvas.,,asset_ready_engine_path_unverified,images/ships/hobart.jpg,https://thumb.wikimedia.org/wikipedia/commons/thumb/a/a5/HMAS_Hobart_%28DDG_39%29_participating_in_the_International_Fleet_Review_2022.jpg/1920px-HMAS_Hobart_%28DDG_39%29_participating_in_the_International_Fleet_Review_2022.jpg?utm_source=commons.wikimedia.org&utm_campaign=imageinfo&utm_content=thumbnail,1c40dd89b9563734ab191a18663830c356b34284fda9503c7eea8c10a240b9ae
arleigh_burke,Ocean patrol,Arleigh Burke class,visuals/loading/arleigh_burke_1920x1080.jpg,arleigh_burke,1920,1280,1920,1080,https://commons.wikimedia.org/wiki/File:USS_Arleigh_Burke_(DDG_51)_steams_through_the_Mediterranean_Sea.jpg,U.S. Navy photo by Journalist 2nd Class Patrick Reilly,Public domain,https://commons.wikimedia.org/wiki/File:USS_Arleigh_Burke_(DDG_51)_steams_through_the_Mediterranean_Sea.jpg#Licensing,0dd1fbd88f4b837f18975c32f25be3159461c8ffb20b53e850c61cae1513b4fc,"Conventional Lanczos resize and dark letterboxing. No cropping, recolouring, generative fill, AI enhancement or AI imagery.",Photographic source fitted to widescreen canvas.,,asset_ready_engine_path_unverified,images/ships/arleigh_burke.jpg,https://thumb.wikimedia.org/wikipedia/commons/thumb/9/93/USS_Arleigh_Burke_%28DDG_51%29_steams_through_the_Mediterranean_Sea.jpg/1920px-USS_Arleigh_Burke_%28DDG_51%29_steams_through_the_Mediterranean_Sea.jpg?utm_source=commons.wikimedia.org&utm_campaign=imageinfo&utm_content=thumbnail,d3d5cc48647fb18d65049009be862286115c773ccf4a714817d328e1d78b92a7
chungmugong,Allied operations,Chungmugong Yi Sun-sin class,visuals/loading/chungmugong_1920x1080.jpg,chungmugong,1920,1277,1920,1080,https://commons.wikimedia.org/wiki/File:ROKS_Chungmugong_Yi_Sun-sin_(DDH-975)_sails_off_the_coast_of_Hawaii_during_RIMPAC_2024_on_22_July_2024_-_1.jpg,Petty Officer 1st Class John Bellino,Public domain,https://commons.wikimedia.org/wiki/File:ROKS_Chungmugong_Yi_Sun-sin_(DDH-975)_sails_off_the_coast_of_Hawaii_during_RIMPAC_2024_on_22_July_2024_-_1.jpg#Licensing,0d9e57650ecd7dd246eb79ed660175dd3e7af8a9b1cb1097561bdb28803fe364,"Conventional Lanczos resize and dark letterboxing. No cropping, recolouring, generative fill, AI enhancement or AI imagery.",Photographic source fitted to widescreen canvas.,,asset_ready_engine_path_unverified,images/ships/chungmugong.jpg,https://thumb.wikimedia.org/wikipedia/commons/thumb/4/40/ROKS_Chungmugong_Yi_Sun-sin_%28DDH-975%29_sails_off_the_coast_of_Hawaii_during_RIMPAC_2024_on_22_July_2024_-_1.jpg/1920px-ROKS_Chungmugong_Yi_Sun-sin_%28DDH-975%29_sails_off_the_coast_of_Hawaii_during_RIMPAC_2024_on_22_July_2024_-_1.jpg?utm_source=commons.wikimedia.org&utm_campaign=imageinfo&utm_content=thumbnail,5f3c13ec78caaa3ea5fe875adefd51e2f6d1eaf3d3541f5faccfe68eaaaea3c2
f35a_raaf,Air operations,F-35A — RAAF,visuals/loading/f35a_raaf_1920x1080.jpg,f35a_raaf,1920,1281,1920,1080,https://commons.wikimedia.org/wiki/File:No_75_Squadron_F-35A_at_RAAF_Base_Tindal_in_July_2023.jpg,U.S. Air Force photo by Senior Airman J. Michael Peña,Public domain,,7aacbf944dd4d42568a54aff5d2500b3e8a5e5a4c43e86848ef9161ff4d46340,"Conventional Lanczos resize and dark letterboxing. No cropping, recolouring, generative fill, AI enhancement or AI imagery.",Photographic source fitted to widescreen canvas.,,asset_ready_engine_path_unverified,images/aircraft/f35a_raaf.jpg,https://thumb.wikimedia.org/wikipedia/commons/thumb/9/98/No_75_Squadron_F-35A_at_RAAF_Base_Tindal_in_July_2023.jpg/1920px-No_75_Squadron_F-35A_at_RAAF_Base_Tindal_in_July_2023.jpg?utm_source=commons.wikimedia.org&utm_campaign=imageinfo&utm_content=thumbnail,4bfa86e45ce65f2587abbf4195070884f35f87077f43bbb2bbab3996389d1693
p8a,Maritime patrol,P-8A Poseidon,visuals/loading/p8a_1920x1080.jpg,p8a,1920,1080,1920,1080,https://commons.wikimedia.org/wiki/File:Royal_Air_Force_Boeing_Poseidon_MRA1_P-8A_ZP803_Royal_International_Air_Tattoo_2025_01.jpg,Julian Herzog  ( Website ),CC BY 4.0,https://creativecommons.org/licenses/by/4.0,6ace29a6e6285f8e8d10e6c72c8cfda13e7bd2cf0ffbe43c6bdfac2e812f0f4c,"Conventional Lanczos resize and dark letterboxing. No cropping, recolouring, generative fill, AI enhancement or AI imagery.",Photographic source fitted to widescreen canvas.,,asset_ready_engine_path_unverified,images/aircraft/p8a.jpg,https://thumb.wikimedia.org/wikipedia/commons/thumb/a/ac/Royal_Air_Force_Boeing_Poseidon_MRA1_P-8A_ZP803_Royal_International_Air_Tattoo_2025_01.jpg/1920px-Royal_Air_Force_Boeing_Poseidon_MRA1_P-8A_ZP803_Royal_International_Air_Tattoo_2025_01.jpg?utm_source=commons.wikimedia.org&utm_campaign=imageinfo&utm_content=thumbnail,07d82ef19266990b240a7c8c13c79582e12bcc31aae344acc775169da774ee62
mh60r,Anti-submarine aviation,MH-60R Seahawk,visuals/loading/mh60r_1920x1080.jpg,mh60r,1920,1080,1920,1080,https://commons.wikimedia.org/wiki/File:MH-60R_Seahawk_from_HSM-37_during_counterdrug_operations_(200713-N-FA490-1857).jpg,U.S. Navy/Mass Communication Specialist 3rd Class Andrew Langholf,Public domain,,4ac442601cd8ef29bc7d7bc5be3c004936c5bd423db04b4487892e2a2386245c,"Conventional Lanczos resize and dark letterboxing. No cropping, recolouring, generative fill, AI enhancement or AI imagery.",Photographic source fitted to widescreen canvas.,,asset_ready_engine_path_unverified,images/aircraft/mh60r.jpg,https://thumb.wikimedia.org/wikipedia/commons/thumb/4/4e/MH-60R_Seahawk_from_HSM-37_during_counterdrug_operations_%28200713-N-FA490-1857%29.jpg/1920px-MH-60R_Seahawk_from_HSM-37_during_counterdrug_operations_%28200713-N-FA490-1857%29.jpg?utm_source=commons.wikimedia.org&utm_campaign=imageinfo&utm_content=thumbnail,141dcbccbc08bdcfa794cc30f4dad5796378ecb820675a85f51e097839453b65
leclerc,Land forces,Leclerc tank,visuals/loading/leclerc_1920x1080.jpg,leclerc,1920,1264,1920,1080,"https://commons.wikimedia.org/wiki/File:French_Leclerc_main_battle_tank_during_Strong_Europe_Tank_Challenge_exercise,_2017.jpg",Staff Sgt. Kathleen Polanco; 7th Army Training Command,Public domain,"https://commons.wikimedia.org/wiki/File:French_Leclerc_main_battle_tank_during_Strong_Europe_Tank_Challenge_exercise,_2017.jpg#Licensing",74d0ac39ce6a954fa1e37a64bf7b4de7d188d81479b68f7a28d3ffd36ca07272,"Conventional Lanczos resize and dark letterboxing. No cropping, recolouring, generative fill, AI enhancement or AI imagery.",Photographic source fitted to widescreen canvas.,,asset_ready_engine_path_unverified,images/land/leclerc.jpg,https://thumb.wikimedia.org/wikipedia/commons/thumb/1/13/French_Leclerc_main_battle_tank_during_Strong_Europe_Tank_Challenge_exercise%2C_2017.jpg/1920px-French_Leclerc_main_battle_tank_during_Strong_Europe_Tank_Challenge_exercise%2C_2017.jpg?utm_source=commons.wikimedia.org&utm_campaign=imageinfo&utm_content=thumbnail,89776de1021f553707fbd195ae523c0015e490b61776f4a4542c11ccfccf8052
patriot,Air defence,Patriot missile launcher,visuals/loading/patriot_1920x1080.jpg,patriot,1920,1080,1920,1080,"https://commons.wikimedia.org/wiki/File:JASDF_MIM-104_Patriot_PAC-2_M901_Launching_Station(49-3157,_launch_mode)_behind_view_at_JGSDF_Camp_Nihonbara_October_1,_2017.jpg",Hunini,CC BY-SA 4.0,https://creativecommons.org/licenses/by-sa/4.0,fbf810c56e1421347882ac7aab1b177dac2789200cd0bc8b0ab294e26e730904,"Conventional Lanczos resize and dark letterboxing. No cropping, recolouring, generative fill, AI enhancement or AI imagery.",Photographic source fitted to widescreen canvas.,,asset_ready_engine_path_unverified,images/land/patriot.jpg,https://thumb.wikimedia.org/wikipedia/commons/thumb/e/ec/JASDF_MIM-104_Patriot_PAC-2_M901_Launching_Station%2849-3157%2C_launch_mode%29_behind_view_at_JGSDF_Camp_Nihonbara_October_1%2C_2017.jpg/1920px-JASDF_MIM-104_Patriot_PAC-2_M901_Launching_Station%2849-3157%2C_launch_mode%29_behind_view_at_JGSDF_Camp_Nihonbara_October_1%2C_2017.jpg?utm_source=commons.wikimedia.org&utm_campaign=imageinfo&utm_content=thumbnail,2f5a5a4c9fbbb90280dc6ca1705aff3945a3a972c564a57c228495702defe24d
virginia_ssn,Undersea operations,Virginia class submarine,visuals/loading/virginia_ssn_1920x1080.jpg,virginia_ssn,960,579,1920,1080,https://commons.wikimedia.org/wiki/File:USS_Virginia_(SSN-774)_bravo_sea_trials.jpg,U.S. Navy photo by Journalist 2nd Class Christina M. Shaw (RELEASED),Public domain,https://commons.wikimedia.org/wiki/File:USS_Virginia_(SSN-774)_bravo_sea_trials.jpg#Licensing,64b7bcd3bafdb2016ea2c1477e1e5f28e8c12564c3f0c26c3c917777acafc84b,"Conventional Lanczos resize and dark letterboxing. No cropping, recolouring, generative fill, AI enhancement or AI imagery.",Source is smaller than the output canvas; resizing does not create additional photographic detail.,,asset_ready_engine_path_unverified,images/submarines/virginia_ssn.jpg,https://thumb.wikimedia.org/wikipedia/commons/thumb/b/b2/USS_Virginia_%28SSN-774%29_bravo_sea_trials.jpg/960px-USS_Virginia_%28SSN-774%29_bravo_sea_trials.jpg?utm_source=commons.wikimedia.org&utm_campaign=imageinfo&utm_content=thumbnail,bdd692b9b23e9ae311647defae15f0f9e646e4c0dd179877f304f00690902640
collins,Australian submarines,Collins class submarine,visuals/loading/collins_1920x1080.jpg,collins,1920,1280,1920,1080,https://commons.wikimedia.org/wiki/File:HMAS_Collins_rises_to_the_surface_during_exercise_La_Perouse_in_2019.jpg,U.S. Navy photo by Mass Communication Specialist 1st Class Leonard Adams,Public domain,https://commons.wikimedia.org/wiki/File:HMAS_Collins_rises_to_the_surface_during_exercise_La_Perouse_in_2019.jpg#Licensing,41a26e08d03ca6b7ab6e0a527bf03a43d24c5bd883770153902d2a6f1a1f95f3,"Conventional Lanczos resize and dark letterboxing. No cropping, recolouring, generative fill, AI enhancement or AI imagery.",Photographic source fitted to widescreen canvas.,,asset_ready_engine_path_unverified,images/submarines/collins.jpg,https://thumb.wikimedia.org/wikipedia/commons/thumb/6/69/HMAS_Collins_rises_to_the_surface_during_exercise_La_Perouse_in_2019.jpg/1920px-HMAS_Collins_rises_to_the_surface_during_exercise_La_Perouse_in_2019.jpg?utm_source=commons.wikimedia.org&utm_campaign=imageinfo&utm_content=thumbnail,f9fdfc3ac2e18f412819bffff3c60d9a8a68562e5a342829b62f613ced1a8d13
maya,Fleet cooperation,Maya class destroyer,visuals/loading/maya_1920x1080.jpg,maya,1920,1440,1920,1080,https://commons.wikimedia.org/wiki/File:JS_Maya_(DDG-179).jpg,海上自衛隊,CC BY 4.0,https://creativecommons.org/licenses/by/4.0,905c1c14eb06dde28b960020de3d386887f838da2d5d52e4b04e8015ef587823,"Conventional Lanczos resize and dark letterboxing. No cropping, recolouring, generative fill, AI enhancement or AI imagery.",Photographic source fitted to widescreen canvas.,,asset_ready_engine_path_unverified,images/ships/maya.jpg,https://thumb.wikimedia.org/wikipedia/commons/thumb/1/10/JS_Maya_%28DDG-179%29.jpg/1920px-JS_Maya_%28DDG-179%29.jpg?utm_source=commons.wikimedia.org&utm_campaign=imageinfo&utm_content=thumbnail,0fb88494ed74ca5644538c8d5d5f1bdd91506bb1ff80eba82a1d3475e9062db0
caesar,Land support,CAESAR self-propelled howitzer,visuals/loading/caesar_1920x1080.jpg,caesar,1920,1280,1920,1080,https://commons.wikimedia.org/wiki/File:French_Caesar_self-propelled_howitzer_in_Iraq.jpg,Sgt. 1st Class Mikki Sprenkle,Public domain,https://commons.wikimedia.org/wiki/File:French_Caesar_self-propelled_howitzer_in_Iraq.jpg#Licensing,960b028b5522ee95ed84767db0f4503f92826ddd8c24150ba1743e02370ff489,"Conventional Lanczos resize and dark letterboxing. No cropping, recolouring, generative fill, AI enhancement or AI imagery.",Photographic source fitted to widescreen canvas.,,asset_ready_engine_path_unverified,images/land/caesar.jpg,https://thumb.wikimedia.org/wikipedia/commons/thumb/7/74/French_Caesar_self-propelled_howitzer_in_Iraq.jpg/1920px-French_Caesar_self-propelled_howitzer_in_Iraq.jpg?utm_source=commons.wikimedia.org&utm_campaign=imageinfo&utm_content=thumbnail,013ffdda03791efd14fefabbce2c7911255bd4dab729e760db19076fe72bb3be
