id,title,new_mod,url,definition_count,system_sections,categories,scope_note,photo_mapped_definitions,unmapped_definitions,winning_definition_count,system_count,export_present
3373356293,Westland Lynx HAS.3,False,https://steamcommunity.com/sharedfiles/filedetails/?id=3373356293,7,38,"{""Aircraft & helicopters"": 2, ""Weapons & ammunition"": 5}",Physical/configuration records indexed; photo coverage assessed separately.,7,0,not assessed,38,True
3373960386,Flight Deck Ops,False,https://steamcommunity.com/sharedfiles/filedetails/?id=3373960386,9,0,"{""Ships"": 9}",Physical/configuration records indexed; photo coverage assessed separately.,8,1,not assessed,0,True
3378409795,Type 23 Frigate,False,https://steamcommunity.com/sharedfiles/filedetails/?id=3378409795,6,41,"{""Ships"": 2, ""Weapons & ammunition"": 4}",Physical/configuration records indexed; photo coverage assessed separately.,5,1,not assessed,41,True
3380210757,Anchor Chain,False,https://steamcommunity.com/sharedfiles/filedetails/?id=3380210757,0,0,{},No physical definitions in exported top-level unit folders; campaign/UI/function content requires separate artwork review.,0,0,not assessed,0,True
3384079999,Humpback Whale,False,https://steamcommunity.com/sharedfiles/filedetails/?id=3384079999,1,0,"{""Submarines"": 1}",Physical/configuration records indexed; photo coverage assessed separately.,0,1,not assessed,0,True
3390330875,Euromod - Modern US Navy,False,https://steamcommunity.com/sharedfiles/filedetails/?id=3390330875,80,20,"{""Ships"": 62, ""Submarines"": 17, ""Weapons & ammunition"": 1}",Physical/configuration records indexed; photo coverage assessed separately.,76,4,not assessed,20,True
3392434750,S-400 SAM,False,https://steamcommunity.com/sharedfiles/filedetails/?id=3392434750,10,20,"{""Land units"": 5, ""Sensors & equipment"": 1, ""Weapons & ammunition"": 4}",Physical/configuration records indexed; photo coverage assessed separately.,10,0,not assessed,20,True
3394781441,B-52G with AGM-86 ALCM(more realistic nuke),False,https://steamcommunity.com/sharedfiles/filedetails/?id=3394781441,6,2,"{""Aircraft & helicopters"": 1, ""Bases & installations"": 1, ""Weapons & ammunition"": 4}",Physical/configuration records indexed; photo coverage assessed separately.,5,1,not assessed,2,True
3395022688,Tu-95MS with AS-15 ALCM(more realistic nuke),False,https://steamcommunity.com/sharedfiles/filedetails/?id=3395022688,19,0,"{""Aircraft & helicopters"": 1, ""Weapons & ammunition"": 18}",Physical/configuration records indexed; photo coverage assessed separately.,8,11,not assessed,0,True
3399699218,Project 2498 Zyetseth Class Assault Vessel,True,https://steamcommunity.com/sharedfiles/filedetails/?id=3399699218,2,0,"{""Ships"": 2}",Physical/configuration records indexed; photo coverage assessed separately.,0,2,not assessed,0,True
3403661005,S-70B-2 Seahawk with AGM-114 'Hellfire' Missiles,False,https://steamcommunity.com/sharedfiles/filedetails/?id=3403661005,4,0,"{""Aircraft & helicopters"": 1, ""Ships"": 2, ""Weapons & ammunition"": 1}",Physical/configuration records indexed; photo coverage assessed separately.,3,1,not assessed,0,True
3403993583,Armed Oil Rig with helo,False,https://steamcommunity.com/sharedfiles/filedetails/?id=3403993583,1,0,"{""Land units"": 1}",Physical/configuration records indexed; photo coverage assessed separately.,0,1,not assessed,0,True
3406985435,Kirov-class (Pyotr Velikiy Upgrade),False,https://steamcommunity.com/sharedfiles/filedetails/?id=3406985435,4,13,"{""Ships"": 1, ""Weapons & ammunition"": 3}",Physical/configuration records indexed; photo coverage assessed separately.,1,3,not assessed,13,True
3408662804,伊斯坎德尔,False,https://steamcommunity.com/sharedfiles/filedetails/?id=3408662804,2,2,"{""Land units"": 1, ""Weapons & ammunition"": 1}",Physical/configuration records indexed; photo coverage assessed separately.,0,2,not assessed,2,True
3410473695,Ground upgrade: MBT,True,https://steamcommunity.com/sharedfiles/filedetails/?id=3410473695,27,23,"{""Land units"": 7, ""Weapons & ammunition"": 20}",Physical/configuration records indexed; photo coverage assessed separately.,4,23,not assessed,23,True
3411341227,Tu-95K-22,False,https://steamcommunity.com/sharedfiles/filedetails/?id=3411341227,1,0,"{""Aircraft & helicopters"": 1}",Physical/configuration records indexed; photo coverage assessed separately.,1,0,not assessed,0,True
3412480633,Ground upgrade: IFV,True,https://steamcommunity.com/sharedfiles/filedetails/?id=3412480633,15,10,"{""Land units"": 5, ""Weapons & ammunition"": 10}",Physical/configuration records indexed; photo coverage assessed separately.,5,10,not assessed,10,True
3413868677,Red Storm Arsenal,False,https://steamcommunity.com/sharedfiles/filedetails/?id=3413868677,427,341,"{""Aircraft & helicopters"": 72, ""Submarines"": 17, ""Ships"": 98, ""Sensors & equipment"": 5, ""Land units"": 27, ""Bases & installations"": 5, ""Weapons & ammunition"": 203}",Physical/configuration records indexed; photo coverage assessed separately.,213,214,not assessed,341,True
3414146266,A-10,False,https://steamcommunity.com/sharedfiles/filedetails/?id=3414146266,4,6,"{""Aircraft & helicopters"": 1, ""Bases & installations"": 1, ""Weapons & ammunition"": 2}",Physical/configuration records indexed; photo coverage assessed separately.,2,2,not assessed,6,True
3416372890,MIG-29A & F-16A,False,https://steamcommunity.com/sharedfiles/filedetails/?id=3416372890,10,8,"{""Aircraft & helicopters"": 3, ""Bases & installations"": 2, ""Weapons & ammunition"": 5}",Physical/configuration records indexed; photo coverage assessed separately.,6,4,not assessed,8,True
3417446309,MIG-29 Family,False,https://steamcommunity.com/sharedfiles/filedetails/?id=3417446309,20,11,"{""Aircraft & helicopters"": 8, ""Ships"": 1, ""Weapons & ammunition"": 11}",Physical/configuration records indexed; photo coverage assessed separately.,15,5,not assessed,11,True
3417801942,PRC Chinese Navy (PLAN),False,https://steamcommunity.com/sharedfiles/filedetails/?id=3417801942,26,72,"{""Aircraft & helicopters"": 4, ""Ships"": 5, ""Submarines"": 4, ""Weapons & ammunition"": 13}",Physical/configuration records indexed; photo coverage assessed separately.,19,7,not assessed,72,True
3418252667,F-22,False,https://steamcommunity.com/sharedfiles/filedetails/?id=3418252667,13,16,"{""Aircraft & helicopters"": 3, ""Bases & installations"": 1, ""Weapons & ammunition"": 9}",Physical/configuration records indexed; photo coverage assessed separately.,8,5,not assessed,16,True
3425450153,AH-64  Apache,False,https://steamcommunity.com/sharedfiles/filedetails/?id=3425450153,17,12,"{""Aircraft & helicopters"": 5, ""Weapons & ammunition"": 12}",Physical/configuration records indexed; photo coverage assessed separately.,12,5,not assessed,12,True
3430106996,Merchants Expanded,False,https://steamcommunity.com/sharedfiles/filedetails/?id=3430106996,1,0,"{""Ships"": 1}",Physical/configuration records indexed; photo coverage assessed separately.,1,0,not assessed,0,True
3430135740,Murder Hornet with AIM-174B,False,https://steamcommunity.com/sharedfiles/filedetails/?id=3430135740,15,0,"{""Aircraft & helicopters"": 4, ""Ships"": 1, ""Weapons & ammunition"": 10}",Physical/configuration records indexed; photo coverage assessed separately.,14,1,not assessed,0,True
3432592449,Nimitz Expanded,False,https://steamcommunity.com/sharedfiles/filedetails/?id=3432592449,0,0,{},No physical definitions in exported top-level unit folders; campaign/UI/function content requires separate artwork review.,0,0,not assessed,0,True
3432668460,Auxilliary Merchant Pack,False,https://steamcommunity.com/sharedfiles/filedetails/?id=3432668460,10,0,"{""Ships"": 10}",Physical/configuration records indexed; photo coverage assessed separately.,10,0,not assessed,0,True
3433577445,PLAAF J-8,False,https://steamcommunity.com/sharedfiles/filedetails/?id=3433577445,18,13,"{""Aircraft & helicopters"": 4, ""Weapons & ammunition"": 14}",Physical/configuration records indexed; photo coverage assessed separately.,6,12,not assessed,13,True
3433957933,"Virginia, Seawolf, and Ohio-class submarines",False,https://steamcommunity.com/sharedfiles/filedetails/?id=3433957933,9,19,"{""Submarines"": 6, ""Weapons & ammunition"": 3}",Physical/configuration records indexed; photo coverage assessed separately.,7,2,not assessed,19,True
3434072450,Sukhoi Su-27,False,https://steamcommunity.com/sharedfiles/filedetails/?id=3434072450,25,12,"{""Aircraft & helicopters"": 6, ""Weapons & ammunition"": 19}",Physical/configuration records indexed; photo coverage assessed separately.,17,8,not assessed,12,True
3434693420,F-15J Peace Eagle,True,https://steamcommunity.com/sharedfiles/filedetails/?id=3434693420,1,0,"{""Aircraft & helicopters"": 1}",Physical/configuration records indexed; photo coverage assessed separately.,1,0,not assessed,0,True
3436170138,PLAAF J-11,False,https://steamcommunity.com/sharedfiles/filedetails/?id=3436170138,24,11,"{""Aircraft & helicopters"": 4, ""Weapons & ammunition"": 20}",Physical/configuration records indexed; photo coverage assessed separately.,13,11,not assessed,11,True
3437105712,SAM Pack,False,https://steamcommunity.com/sharedfiles/filedetails/?id=3437105712,24,11,"{""Land units"": 12, ""Sensors & equipment"": 3, ""Weapons & ammunition"": 9}",Physical/configuration records indexed; photo coverage assessed separately.,24,0,not assessed,11,True
3438479626,1143.5 Kuznetsov,False,https://steamcommunity.com/sharedfiles/filedetails/?id=3438479626,14,13,"{""Aircraft & helicopters"": 2, ""Ships"": 3, ""Weapons & ammunition"": 9}",Physical/configuration records indexed; photo coverage assessed separately.,12,2,not assessed,13,True
3440622312,Anzac Class Frigate,False,https://steamcommunity.com/sharedfiles/filedetails/?id=3440622312,3,8,"{""Ships"": 1, ""Weapons & ammunition"": 2}",Physical/configuration records indexed; photo coverage assessed separately.,1,2,not assessed,8,True
3444379330,Euromod-Dutch Navy,False,https://steamcommunity.com/sharedfiles/filedetails/?id=3444379330,11,0,"{""Ships"": 9, ""Weapons & ammunition"": 2}",Physical/configuration records indexed; photo coverage assessed separately.,6,5,not assessed,0,True
3448845252,F-117,False,https://steamcommunity.com/sharedfiles/filedetails/?id=3448845252,3,6,"{""Aircraft & helicopters"": 1, ""Weapons & ammunition"": 2}",Physical/configuration records indexed; photo coverage assessed separately.,3,0,not assessed,6,True
3451166840,SU-25 Frogfoot,False,https://steamcommunity.com/sharedfiles/filedetails/?id=3451166840,8,11,"{""Aircraft & helicopters"": 2, ""Weapons & ammunition"": 6}",Physical/configuration records indexed; photo coverage assessed separately.,3,5,not assessed,11,True
3455404959,Royal Australian Defence Forces [v0.7.5.0.2],True,https://steamcommunity.com/sharedfiles/filedetails/?id=3455404959,118,153,"{""Aircraft & helicopters"": 30, ""Ships"": 36, ""Submarines"": 2, ""Land units"": 4, ""Bases & installations"": 7, ""Weapons & ammunition"": 39}",Physical/configuration records indexed; photo coverage assessed separately.,24,94,not assessed,153,True
3455931957,Sea Lynx,False,https://steamcommunity.com/sharedfiles/filedetails/?id=3455931957,9,1,"{""Aircraft & helicopters"": 6, ""Weapons & ammunition"": 3}",Physical/configuration records indexed; photo coverage assessed separately.,6,3,not assessed,1,True
3456859157,Mogami-class frigate,False,https://steamcommunity.com/sharedfiles/filedetails/?id=3456859157,5,27,"{""Ships"": 1, ""Weapons & ammunition"": 4}",Physical/configuration records indexed; photo coverage assessed separately.,5,0,not assessed,27,True
3458148344,Mi-8EW,False,https://steamcommunity.com/sharedfiles/filedetails/?id=3458148344,1,0,"{""Aircraft & helicopters"": 1}",Physical/configuration records indexed; photo coverage assessed separately.,1,0,not assessed,0,True
3459682829,A-10C,False,https://steamcommunity.com/sharedfiles/filedetails/?id=3459682829,12,10,"{""Aircraft & helicopters"": 1, ""Weapons & ammunition"": 11}",Physical/configuration records indexed; photo coverage assessed separately.,5,7,not assessed,10,True
3461044389,Gerald R. Ford-class CVN,False,https://steamcommunity.com/sharedfiles/filedetails/?id=3461044389,5,32,"{""Ships"": 3, ""Weapons & ammunition"": 2}",Physical/configuration records indexed; photo coverage assessed separately.,5,0,not assessed,32,True
3461091581,Air Deck Operations Upgrade - Nimitz (2000s),False,https://steamcommunity.com/sharedfiles/filedetails/?id=3461091581,2,0,"{""Ships"": 2}",Physical/configuration records indexed; photo coverage assessed separately.,2,0,not assessed,0,True
3461519690,SCUD-B,False,https://steamcommunity.com/sharedfiles/filedetails/?id=3461519690,2,2,"{""Land units"": 1, ""Weapons & ammunition"": 1}",Physical/configuration records indexed; photo coverage assessed separately.,2,0,not assessed,2,True
3465256032,Mi-8T/TV,False,https://steamcommunity.com/sharedfiles/filedetails/?id=3465256032,5,7,"{""Aircraft & helicopters"": 2, ""Weapons & ammunition"": 3}",Physical/configuration records indexed; photo coverage assessed separately.,2,3,not assessed,7,True
3468260539,Russian Submarines,False,https://steamcommunity.com/sharedfiles/filedetails/?id=3468260539,23,11,"{""Submarines"": 10, ""Weapons & ammunition"": 13}",Physical/configuration records indexed; photo coverage assessed separately.,10,13,not assessed,11,True
3468959181,U-2 Dragon Lady,False,https://steamcommunity.com/sharedfiles/filedetails/?id=3468959181,3,5,"{""Aircraft & helicopters"": 3}",Physical/configuration records indexed; photo coverage assessed separately.,2,1,not assessed,5,True
3470643173,日本陆上自卫队12式岸舰导弹系统,False,https://steamcommunity.com/sharedfiles/filedetails/?id=3470643173,2,2,"{""Land units"": 1, ""Weapons & ammunition"": 1}",Physical/configuration records indexed; photo coverage assessed separately.,0,2,not assessed,2,True
3478767194,VH-3D Marine One Mod,False,https://steamcommunity.com/sharedfiles/filedetails/?id=3478767194,1,0,"{""Aircraft & helicopters"": 1}",Physical/configuration records indexed; photo coverage assessed separately.,1,0,not assessed,0,True
3480965706,B-2 Spirit,False,https://steamcommunity.com/sharedfiles/filedetails/?id=3480965706,13,9,"{""Aircraft & helicopters"": 1, ""Weapons & ammunition"": 12}",Physical/configuration records indexed; photo coverage assessed separately.,10,3,not assessed,9,True
3481228992,J10C,False,https://steamcommunity.com/sharedfiles/filedetails/?id=3481228992,31,8,"{""Aircraft & helicopters"": 1, ""Weapons & ammunition"": 30}",Physical/configuration records indexed; photo coverage assessed separately.,15,16,not assessed,8,True
3485917612,Moloti's Armed Merchantmen,False,https://steamcommunity.com/sharedfiles/filedetails/?id=3485917612,13,45,"{""Ships"": 12, ""Weapons & ammunition"": 1}",Physical/configuration records indexed; photo coverage assessed separately.,12,1,not assessed,45,True
3486502935,Type 003 CV / future Type 004 CVN aircraft carriers,False,https://steamcommunity.com/sharedfiles/filedetails/?id=3486502935,29,25,"{""Aircraft & helicopters"": 5, ""Ships"": 2, ""Weapons & ammunition"": 22}",Physical/configuration records indexed; photo coverage assessed separately.,8,21,not assessed,25,True
3488139470,Modern Italian Navy - Euromod,False,https://steamcommunity.com/sharedfiles/filedetails/?id=3488139470,14,0,"{""Aircraft & helicopters"": 2, ""Ships"": 8, ""Submarines"": 1, ""Weapons & ammunition"": 3}",Physical/configuration records indexed; photo coverage assessed separately.,9,5,not assessed,0,True
3491248180,The Royal Navy,True,https://steamcommunity.com/sharedfiles/filedetails/?id=3491248180,123,70,"{""Aircraft & helicopters"": 31, ""Submarines"": 4, ""Ships"": 23, ""Land units"": 3, ""Weapons & ammunition"": 62}",Physical/configuration records indexed; photo coverage assessed separately.,47,76,not assessed,70,True
3493115616,EMAD,True,https://steamcommunity.com/sharedfiles/filedetails/?id=3493115616,2,2,"{""Land units"": 1, ""Weapons & ammunition"": 1}",Physical/configuration records indexed; photo coverage assessed separately.,0,2,not assessed,2,True
3496055699,S-500,True,https://steamcommunity.com/sharedfiles/filedetails/?id=3496055699,7,21,"{""Sensors & equipment"": 3, ""Land units"": 2, ""Weapons & ammunition"": 2}",Physical/configuration records indexed; photo coverage assessed separately.,4,3,not assessed,21,True
3497601759,Shahed 136,False,https://steamcommunity.com/sharedfiles/filedetails/?id=3497601759,4,2,"{""Land units"": 2, ""Weapons & ammunition"": 2}",Physical/configuration records indexed; photo coverage assessed separately.,0,4,not assessed,2,True
3499239964,E-7A Wedgetail,False,https://steamcommunity.com/sharedfiles/filedetails/?id=3499239964,1,351,"{""Aircraft & helicopters"": 1}",Physical/configuration records indexed; photo coverage assessed separately.,0,1,not assessed,351,True
3502273861,arrw,False,https://steamcommunity.com/sharedfiles/filedetails/?id=3502273861,4,3,"{""Aircraft & helicopters"": 1, ""Bases & installations"": 1, ""Weapons & ammunition"": 2}",Physical/configuration records indexed; photo coverage assessed separately.,1,3,not assessed,3,True
3503594612,SU-57,False,https://steamcommunity.com/sharedfiles/filedetails/?id=3503594612,13,16,"{""Aircraft & helicopters"": 1, ""Bases & installations"": 1, ""Weapons & ammunition"": 11}",Physical/configuration records indexed; photo coverage assessed separately.,5,8,not assessed,16,True
3503670861,General Atomics MQ-9 Reaper,False,https://steamcommunity.com/sharedfiles/filedetails/?id=3503670861,9,5,"{""Aircraft & helicopters"": 2, ""Weapons & ammunition"": 7}",Physical/configuration records indexed; photo coverage assessed separately.,7,2,not assessed,5,True
3505420313,Italian Navy mod,False,https://steamcommunity.com/sharedfiles/filedetails/?id=3505420313,55,98,"{""Aircraft & helicopters"": 14, ""Ships"": 19, ""Submarines"": 7, ""Land units"": 2, ""Weapons & ammunition"": 13}",Physical/configuration records indexed; photo coverage assessed separately.,24,31,not assessed,98,True
3506979898,J-16,False,https://steamcommunity.com/sharedfiles/filedetails/?id=3506979898,13,14,"{""Aircraft & helicopters"": 3, ""Weapons & ammunition"": 10}",Physical/configuration records indexed; photo coverage assessed separately.,4,9,not assessed,14,True
3508275114,Ground upgrade: SPAA,False,https://steamcommunity.com/sharedfiles/filedetails/?id=3508275114,38,51,"{""Land units"": 20, ""Weapons & ammunition"": 18}",Physical/configuration records indexed; photo coverage assessed separately.,18,20,not assessed,51,True
3509329205,TU-160,False,https://steamcommunity.com/sharedfiles/filedetails/?id=3509329205,9,14,"{""Aircraft & helicopters"": 1, ""Bases & installations"": 1, ""Weapons & ammunition"": 7}",Physical/configuration records indexed; photo coverage assessed separately.,1,8,not assessed,14,True
3513571010,Mil Mi-24 Hind,False,https://steamcommunity.com/sharedfiles/filedetails/?id=3513571010,4,5,"{""Aircraft & helicopters"": 3, ""Weapons & ammunition"": 1}",Physical/configuration records indexed; photo coverage assessed separately.,3,1,not assessed,5,True
3514484654,RAAF F-35A Lighting II,False,https://steamcommunity.com/sharedfiles/filedetails/?id=3514484654,13,9,"{""Aircraft & helicopters"": 1, ""Weapons & ammunition"": 12}",Physical/configuration records indexed; photo coverage assessed separately.,10,3,not assessed,9,True
3520352434,JAS-39 Gripen,True,https://steamcommunity.com/sharedfiles/filedetails/?id=3520352434,12,11,"{""Aircraft & helicopters"": 1, ""Bases & installations"": 1, ""Weapons & ammunition"": 10}",Physical/configuration records indexed; photo coverage assessed separately.,4,8,not assessed,11,True
3524112296,Beriev a-50 series AEW&C AND Il-76 Airliner,False,https://steamcommunity.com/sharedfiles/filedetails/?id=3524112296,14,12,"{""Aircraft & helicopters"": 11, ""Weapons & ammunition"": 3}",Physical/configuration records indexed; photo coverage assessed separately.,11,3,not assessed,12,True
3524446392,S-350 Vityaz,True,https://steamcommunity.com/sharedfiles/filedetails/?id=3524446392,7,36,"{""Sensors & equipment"": 1, ""Land units"": 3, ""Weapons & ammunition"": 3}",Physical/configuration records indexed; photo coverage assessed separately.,2,5,not assessed,36,True
3526982088,JH7A,False,https://steamcommunity.com/sharedfiles/filedetails/?id=3526982088,32,10,"{""Aircraft & helicopters"": 1, ""Weapons & ammunition"": 31}",Physical/configuration records indexed; photo coverage assessed separately.,16,16,not assessed,10,True
3549377308,Iran Bell-212,True,https://steamcommunity.com/sharedfiles/filedetails/?id=3549377308,3,0,"{""Aircraft & helicopters"": 3}",Physical/configuration records indexed; photo coverage assessed separately.,0,3,not assessed,0,True
3551621846,NEBO-U,True,https://steamcommunity.com/sharedfiles/filedetails/?id=3551621846,1,3,"{""Sensors & equipment"": 1}",Physical/configuration records indexed; photo coverage assessed separately.,1,0,not assessed,3,True
3551676319,SEJJIL (Ballistic Missiles),False,https://steamcommunity.com/sharedfiles/filedetails/?id=3551676319,2,2,"{""Land units"": 1, ""Weapons & ammunition"": 1}",Physical/configuration records indexed; photo coverage assessed separately.,0,2,not assessed,2,True
3553116604,F-15E StrikeEagle,False,https://steamcommunity.com/sharedfiles/filedetails/?id=3553116604,12,4,"{""Aircraft & helicopters"": 1, ""Weapons & ammunition"": 11}",Physical/configuration records indexed; photo coverage assessed separately.,9,3,not assessed,4,True
3555361900,Etendard Family Jets,True,https://steamcommunity.com/sharedfiles/filedetails/?id=3555361900,20,14,"{""Aircraft & helicopters"": 5, ""Weapons & ammunition"": 15}",Physical/configuration records indexed; photo coverage assessed separately.,2,18,not assessed,14,True
3558173926,David's Sling,False,https://steamcommunity.com/sharedfiles/filedetails/?id=3558173926,3,23,"{""Land units"": 1, ""Sensors & equipment"": 1, ""Weapons & ammunition"": 1}",Physical/configuration records indexed; photo coverage assessed separately.,3,0,not assessed,23,True
3559495372,Lockheed AC-130,False,https://steamcommunity.com/sharedfiles/filedetails/?id=3559495372,12,18,"{""Aircraft & helicopters"": 4, ""Weapons & ammunition"": 8}",Physical/configuration records indexed; photo coverage assessed separately.,7,5,not assessed,18,True
3567228449,French Helicopter Package,False,https://steamcommunity.com/sharedfiles/filedetails/?id=3567228449,57,35,"{""Aircraft & helicopters"": 35, ""Weapons & ammunition"": 22}",Physical/configuration records indexed; photo coverage assessed separately.,30,27,not assessed,35,True
3567256221,Charles De Gaulle & Modern French Navy,False,https://steamcommunity.com/sharedfiles/filedetails/?id=3567256221,56,77,"{""Aircraft & helicopters"": 3, ""Ships"": 25, ""Submarines"": 5, ""Weapons & ammunition"": 23}",Physical/configuration records indexed; photo coverage assessed separately.,29,27,not assessed,77,True
3575847216,Euromod-Addon Modern German Navy,False,https://steamcommunity.com/sharedfiles/filedetails/?id=3575847216,23,5,"{""Aircraft & helicopters"": 2, ""Ships"": 17, ""Submarines"": 2, ""Weapons & ammunition"": 2}",Physical/configuration records indexed; photo coverage assessed separately.,14,9,not assessed,5,True
3587091564,P-750 Meteorit-A,False,https://steamcommunity.com/sharedfiles/filedetails/?id=3587091564,2,29,"{""Aircraft & helicopters"": 1, ""Weapons & ammunition"": 1}",Physical/configuration records indexed; photo coverage assessed separately.,1,1,not assessed,29,True
3587877691,Eurofighter Typhoon,False,https://steamcommunity.com/sharedfiles/filedetails/?id=3587877691,18,11,"{""Aircraft & helicopters"": 4, ""Weapons & ammunition"": 14}",Physical/configuration records indexed; photo coverage assessed separately.,14,4,not assessed,11,True
3590477166,MH-60R,False,https://steamcommunity.com/sharedfiles/filedetails/?id=3590477166,5,17,"{""Aircraft & helicopters"": 1, ""Weapons & ammunition"": 4}",Physical/configuration records indexed; photo coverage assessed separately.,1,4,not assessed,17,True
3591563716,J-20A,False,https://steamcommunity.com/sharedfiles/filedetails/?id=3591563716,8,10,"{""Aircraft & helicopters"": 1, ""Weapons & ammunition"": 7}",Physical/configuration records indexed; photo coverage assessed separately.,2,6,not assessed,10,True
3591820675,F-8 Crusader,True,https://steamcommunity.com/sharedfiles/filedetails/?id=3591820675,19,15,"{""Aircraft & helicopters"": 15, ""Weapons & ammunition"": 4}",Physical/configuration records indexed; photo coverage assessed separately.,15,4,not assessed,15,True
3592460366,Modern US Airbase,False,https://steamcommunity.com/sharedfiles/filedetails/?id=3592460366,1,0,"{""Bases & installations"": 1}",Physical/configuration records indexed; photo coverage assessed separately.,0,1,not assessed,0,True
3594891803,"PLAN Submarines (039, 039A/B/C, 093/093A/093B, 094/094A)",False,https://steamcommunity.com/sharedfiles/filedetails/?id=3594891803,18,16,"{""Submarines"": 12, ""Weapons & ammunition"": 6}",Physical/configuration records indexed; photo coverage assessed separately.,4,14,not assessed,16,True
3595014060,NATO E-3A Sentry,True,https://steamcommunity.com/sharedfiles/filedetails/?id=3595014060,1,0,"{""Aircraft & helicopters"": 1}",Physical/configuration records indexed; photo coverage assessed separately.,1,0,not assessed,0,True
3597650470,Russian Navy 21,False,https://steamcommunity.com/sharedfiles/filedetails/?id=3597650470,48,87,"{""Ships"": 13, ""Weapons & ammunition"": 35}",Physical/configuration records indexed; photo coverage assessed separately.,18,30,not assessed,87,True
3599752717,Modern British Navy - Euromod,False,https://steamcommunity.com/sharedfiles/filedetails/?id=3599752717,18,0,"{""Aircraft & helicopters"": 7, ""Ships"": 11}",Physical/configuration records indexed; photo coverage assessed separately.,18,0,not assessed,0,True
3600788156,Buildings and Objectives,False,https://steamcommunity.com/sharedfiles/filedetails/?id=3600788156,13,0,"{""Bases & installations"": 12, ""Land units"": 1}",Physical/configuration records indexed; photo coverage assessed separately.,1,12,not assessed,0,True
3601891050,中小型无人机系列,False,https://steamcommunity.com/sharedfiles/filedetails/?id=3601891050,7,19,"{""Aircraft & helicopters"": 5, ""Bases & installations"": 1, ""Weapons & ammunition"": 1}",Physical/configuration records indexed; photo coverage assessed separately.,2,5,not assessed,19,True
3602046770,3602046770,False,https://steamcommunity.com/sharedfiles/filedetails/?id=3602046770,2,1,"{""Aircraft & helicopters"": 1, ""Weapons & ammunition"": 1}",Physical/configuration records indexed; photo coverage assessed separately.,2,0,not assessed,1,True
3603306548,俄国地面增强系列1：火炮,True,https://steamcommunity.com/sharedfiles/filedetails/?id=3603306548,6,5,"{""Land units"": 2, ""Weapons & ammunition"": 4}",Physical/configuration records indexed; photo coverage assessed separately.,0,6,not assessed,5,True
3603367264,北约地面增强系列2：火炮,True,https://steamcommunity.com/sharedfiles/filedetails/?id=3603367264,6,5,"{""Land units"": 2, ""Weapons & ammunition"": 4}",Physical/configuration records indexed; photo coverage assessed separately.,0,6,not assessed,5,True
3605013271,RE-power: the resupply mod,False,https://steamcommunity.com/sharedfiles/filedetails/?id=3605013271,27,0,"{""Ships"": 23, ""Bases & installations"": 3, ""Land units"": 1}",Physical/configuration records indexed; photo coverage assessed separately.,21,6,not assessed,0,True
3606134711,Custom Loadout Editor,False,https://steamcommunity.com/sharedfiles/filedetails/?id=3606134711,74,19,"{""Weapons & ammunition"": 74}",Physical/configuration records indexed; photo coverage assessed separately.,16,58,not assessed,19,True
3606774881,U.S. Navy 2027 Capabilities,False,https://steamcommunity.com/sharedfiles/filedetails/?id=3606774881,54,18,"{""Aircraft & helicopters"": 6, ""Submarines"": 6, ""Ships"": 27, ""Weapons & ammunition"": 15}",Physical/configuration records indexed; photo coverage assessed separately.,32,22,not assessed,18,True
3607989779,F-35C Lightning II Alt. Loadouts,False,https://steamcommunity.com/sharedfiles/filedetails/?id=3607989779,17,8,"{""Aircraft & helicopters"": 1, ""Weapons & ammunition"": 16}",Physical/configuration records indexed; photo coverage assessed separately.,13,4,not assessed,8,True
3628201887,Clemenceau -class Aircraft Carrier,True,https://steamcommunity.com/sharedfiles/filedetails/?id=3628201887,10,23,"{""Ships"": 8, ""Weapons & ammunition"": 2}",Physical/configuration records indexed; photo coverage assessed separately.,0,10,not assessed,23,True
3628203171,Bréguet Br.1050 Alizé,True,https://steamcommunity.com/sharedfiles/filedetails/?id=3628203171,12,9,"{""Aircraft & helicopters"": 4, ""Weapons & ammunition"": 8}",Physical/configuration records indexed; photo coverage assessed separately.,4,8,not assessed,9,True
3628247436,Sea Venom - Aquilon,True,https://steamcommunity.com/sharedfiles/filedetails/?id=3628247436,10,12,"{""Aircraft & helicopters"": 1, ""Weapons & ammunition"": 9}",Physical/configuration records indexed; photo coverage assessed separately.,1,9,not assessed,12,True
3629144864,Euromod - Main Pack,False,https://steamcommunity.com/sharedfiles/filedetails/?id=3629144864,370,692,"{""Weapons & ammunition"": 370}",Physical/configuration records indexed; photo coverage assessed separately.,176,194,not assessed,692,True
3629269283,Modern Russian Airbase,False,https://steamcommunity.com/sharedfiles/filedetails/?id=3629269283,1,0,"{""Bases & installations"": 1}",Physical/configuration records indexed; photo coverage assessed separately.,0,1,not assessed,0,True
3630495619,Spanish Navy Mod (Cold War),False,https://steamcommunity.com/sharedfiles/filedetails/?id=3630495619,59,73,"{""Aircraft & helicopters"": 12, ""Ships"": 19, ""Submarines"": 7, ""Weapons & ammunition"": 21}",Physical/configuration records indexed; photo coverage assessed separately.,9,50,not assessed,73,True
3631042692,Modern Chinese Airbase,False,https://steamcommunity.com/sharedfiles/filedetails/?id=3631042692,1,0,"{""Bases & installations"": 1}",Physical/configuration records indexed; photo coverage assessed separately.,0,1,not assessed,0,True
3636213685,wp_sattelite_center,True,https://steamcommunity.com/sharedfiles/filedetails/?id=3636213685,1,0,"{""Bases & installations"": 1}",Physical/configuration records indexed; photo coverage assessed separately.,0,1,not assessed,0,True
3636386513,F-15EX,False,https://steamcommunity.com/sharedfiles/filedetails/?id=3636386513,16,8,"{""Aircraft & helicopters"": 1, ""Weapons & ammunition"": 15}",Physical/configuration records indexed; photo coverage assessed separately.,12,4,not assessed,8,True
3637954857,KJ-500,False,https://steamcommunity.com/sharedfiles/filedetails/?id=3637954857,14,25,"{""Aircraft & helicopters"": 6, ""Weapons & ammunition"": 8}",Physical/configuration records indexed; photo coverage assessed separately.,6,8,not assessed,25,True
3642656500,Euromod-Scandinavian Navy,False,https://steamcommunity.com/sharedfiles/filedetails/?id=3642656500,8,1,"{""Aircraft & helicopters"": 1, ""Ships"": 7}",Physical/configuration records indexed; photo coverage assessed separately.,7,1,not assessed,1,True
3652097318,B-1B Lancer,False,https://steamcommunity.com/sharedfiles/filedetails/?id=3652097318,10,7,"{""Aircraft & helicopters"": 1, ""Weapons & ammunition"": 9}",Physical/configuration records indexed; photo coverage assessed separately.,9,1,not assessed,7,True
3652906664,S-300PMU2,True,https://steamcommunity.com/sharedfiles/filedetails/?id=3652906664,6,21,"{""Sensors & equipment"": 3, ""Land units"": 2, ""Weapons & ammunition"": 1}",Physical/configuration records indexed; photo coverage assessed separately.,2,4,not assessed,21,True
3659742367,Mig-35,False,https://steamcommunity.com/sharedfiles/filedetails/?id=3659742367,13,15,"{""Aircraft & helicopters"": 1, ""Weapons & ammunition"": 12}",Physical/configuration records indexed; photo coverage assessed separately.,6,7,not assessed,15,True
3663564190,Type003.CV-18.fujian.v0.02,False,https://steamcommunity.com/sharedfiles/filedetails/?id=3663564190,41,60,"{""Aircraft & helicopters"": 8, ""Ships"": 1, ""Weapons & ammunition"": 32}",Physical/configuration records indexed; photo coverage assessed separately.,12,29,not assessed,60,True
3670643788,J-50,False,https://steamcommunity.com/sharedfiles/filedetails/?id=3670643788,12,10,"{""Aircraft & helicopters"": 1, ""Weapons & ammunition"": 11}",Physical/configuration records indexed; photo coverage assessed separately.,1,11,not assessed,10,True
3672072359,Ultimate Missile Workshop,True,https://steamcommunity.com/sharedfiles/filedetails/?id=3672072359,110,22,"{""Weapons & ammunition"": 110}",Physical/configuration records indexed; photo coverage assessed separately.,88,22,not assessed,22,True
3672497668,Fattah-2,True,https://steamcommunity.com/sharedfiles/filedetails/?id=3672497668,2,2,"{""Land units"": 1, ""Weapons & ammunition"": 1}",Physical/configuration records indexed; photo coverage assessed separately.,0,2,not assessed,2,True
3673250557,Saab Global Eye,False,https://steamcommunity.com/sharedfiles/filedetails/?id=3673250557,1,3,"{""Aircraft & helicopters"": 1}",Physical/configuration records indexed; photo coverage assessed separately.,1,0,not assessed,3,True
3673703427,Fattah-1,True,https://steamcommunity.com/sharedfiles/filedetails/?id=3673703427,2,2,"{""Land units"": 1, ""Weapons & ammunition"": 1}",Physical/configuration records indexed; photo coverage assessed separately.,0,2,not assessed,2,True
3673908868,TU-16N AIR TANKER,False,https://steamcommunity.com/sharedfiles/filedetails/?id=3673908868,1,0,"{""Aircraft & helicopters"": 1}",Physical/configuration records indexed; photo coverage assessed separately.,1,0,not assessed,0,True
3678767059,Euromod-Brazilian Armed Forces(2000),True,https://steamcommunity.com/sharedfiles/filedetails/?id=3678767059,32,21,"{""Aircraft & helicopters"": 11, ""Ships"": 8, ""Submarines"": 3, ""Bases & installations"": 2, ""Weapons & ammunition"": 8}",Physical/configuration records indexed; photo coverage assessed separately.,9,23,not assessed,21,True
3681748718,ISKANDER-M,True,https://steamcommunity.com/sharedfiles/filedetails/?id=3681748718,6,2,"{""Land units"": 3, ""Weapons & ammunition"": 3}",Physical/configuration records indexed; photo coverage assessed separately.,3,3,not assessed,2,True
3681873198,Pickup,False,https://steamcommunity.com/sharedfiles/filedetails/?id=3681873198,19,8,"{""Land units"": 14, ""Weapons & ammunition"": 5}",Physical/configuration records indexed; photo coverage assessed separately.,15,4,not assessed,8,True
3683253079,THAAD & AN/TPY-2,False,https://steamcommunity.com/sharedfiles/filedetails/?id=3683253079,3,5,"{""Land units"": 1, ""Sensors & equipment"": 1, ""Weapons & ammunition"": 1}",Physical/configuration records indexed; photo coverage assessed separately.,3,0,not assessed,5,True
3686449681,Iran UAV Shahed 238,True,https://steamcommunity.com/sharedfiles/filedetails/?id=3686449681,2,2,"{""Land units"": 1, ""Weapons & ammunition"": 1}",Physical/configuration records indexed; photo coverage assessed separately.,0,2,not assessed,2,True
3695809489,Euromod-(Japan)JMSDF Modern navy,False,https://steamcommunity.com/sharedfiles/filedetails/?id=3695809489,7,3,"{""Aircraft & helicopters"": 4, ""Ships"": 3}",Physical/configuration records indexed; photo coverage assessed separately.,6,1,not assessed,3,True
3709961172,The Second Northern War,True,https://steamcommunity.com/sharedfiles/filedetails/?id=3709961172,0,0,{},No physical definitions in exported top-level unit folders; campaign/UI/function content requires separate artwork review.,0,0,not assessed,0,True
3711297532,Thailand: The Siam Shield [v0.8.3.03.10],True,https://steamcommunity.com/sharedfiles/filedetails/?id=3711297532,37,61,"{""Aircraft & helicopters"": 4, ""Ships"": 19, ""Weapons & ammunition"": 14}",Physical/configuration records indexed; photo coverage assessed separately.,8,29,not assessed,61,True
3715323261,Tu-95MS,False,https://steamcommunity.com/sharedfiles/filedetails/?id=3715323261,1,266,"{""Aircraft & helicopters"": 1}",Physical/configuration records indexed; photo coverage assessed separately.,1,0,not assessed,266,True
3716049886,MORE SU24M VARIANTS,False,https://steamcommunity.com/sharedfiles/filedetails/?id=3716049886,3,214,"{""Aircraft & helicopters"": 3}",Physical/configuration records indexed; photo coverage assessed separately.,3,0,not assessed,214,True
3717610332,IL-78 TANKER,False,https://steamcommunity.com/sharedfiles/filedetails/?id=3717610332,1,0,"{""Aircraft & helicopters"": 1}",Physical/configuration records indexed; photo coverage assessed separately.,1,0,not assessed,0,True
3722749887,KC-135 Stratotanker,False,https://steamcommunity.com/sharedfiles/filedetails/?id=3722749887,1,266,"{""Aircraft & helicopters"": 1}",Physical/configuration records indexed; photo coverage assessed separately.,1,0,not assessed,266,True
3729578404,PLAAF J-11BS,False,https://steamcommunity.com/sharedfiles/filedetails/?id=3729578404,1,12,"{""Aircraft & helicopters"": 1}",Physical/configuration records indexed; photo coverage assessed separately.,1,0,not assessed,12,True
3729579342,PLAAF Su-27UBK,False,https://steamcommunity.com/sharedfiles/filedetails/?id=3729579342,1,12,"{""Aircraft & helicopters"": 1}",Physical/configuration records indexed; photo coverage assessed separately.,1,0,not assessed,12,True
3731208477,Spanish Navy Mod (Modern),False,https://steamcommunity.com/sharedfiles/filedetails/?id=3731208477,39,56,"{""Aircraft & helicopters"": 9, ""Ships"": 6, ""Submarines"": 2, ""Weapons & ammunition"": 22}",Physical/configuration records indexed; photo coverage assessed separately.,21,18,not assessed,56,True
3732654992,THE REDFOR MOD,True,https://steamcommunity.com/sharedfiles/filedetails/?id=3732654992,69,38,"{""Aircraft & helicopters"": 2, ""Ships"": 9, ""Submarines"": 2, ""Land units"": 20, ""Sensors & equipment"": 4, ""Bases & installations"": 1, ""Weapons & ammunition"": 31}",Physical/configuration records indexed; photo coverage assessed separately.,31,38,not assessed,38,True
3733719765,中国地面单位包,False,https://steamcommunity.com/sharedfiles/filedetails/?id=3733719765,109,65,"{""Land units"": 45, ""Sensors & equipment"": 10, ""Weapons & ammunition"": 54}",Physical/configuration records indexed; photo coverage assessed separately.,62,47,not assessed,65,True
3736147136,French army vehicule,False,https://steamcommunity.com/sharedfiles/filedetails/?id=3736147136,41,21,"{""Land units"": 21, ""Weapons & ammunition"": 20}",Physical/configuration records indexed; photo coverage assessed separately.,21,20,not assessed,21,True
3737267013,US Naval Aviation,False,https://steamcommunity.com/sharedfiles/filedetails/?id=3737267013,90,87,"{""Aircraft & helicopters"": 29, ""Weapons & ammunition"": 61}",Physical/configuration records indexed; photo coverage assessed separately.,69,21,not assessed,87,True
3740293822,KC-10A Extender by ZeroTwo,False,https://steamcommunity.com/sharedfiles/filedetails/?id=3740293822,1,0,"{""Aircraft & helicopters"": 1}",Physical/configuration records indexed; photo coverage assessed separately.,1,0,not assessed,0,True
3741944366,B-52H,False,https://steamcommunity.com/sharedfiles/filedetails/?id=3741944366,7,1,"{""Aircraft & helicopters"": 1, ""Weapons & ammunition"": 6}",Physical/configuration records indexed; photo coverage assessed separately.,5,2,not assessed,1,True
3744475027,Boeing KC-46 Pegasus by ZeroTwo,False,https://steamcommunity.com/sharedfiles/filedetails/?id=3744475027,2,4,"{""Aircraft & helicopters"": 2}",Physical/configuration records indexed; photo coverage assessed separately.,2,0,not assessed,4,True
3746453639,Civil Aircraft Mod,False,https://steamcommunity.com/sharedfiles/filedetails/?id=3746453639,3,0,"{""Aircraft & helicopters"": 3}",Physical/configuration records indexed; photo coverage assessed separately.,3,0,not assessed,0,True
3752415457,Philippines: The Luzon Line [v0.8.3.03.10],True,https://steamcommunity.com/sharedfiles/filedetails/?id=3752415457,26,74,"{""Aircraft & helicopters"": 3, ""Ships"": 10, ""Weapons & ammunition"": 13}",Physical/configuration records indexed; photo coverage assessed separately.,6,20,not assessed,74,True
3755769170,F-2A 'Viper Zero',False,https://steamcommunity.com/sharedfiles/filedetails/?id=3755769170,24,8,"{""Aircraft & helicopters"": 5, ""Weapons & ammunition"": 19}",Physical/configuration records indexed; photo coverage assessed separately.,16,8,not assessed,8,True
3758320372,F-16C Fighting Falcon (by ZeroTwo),False,https://steamcommunity.com/sharedfiles/filedetails/?id=3758320372,49,42,"{""Aircraft & helicopters"": 6, ""Weapons & ammunition"": 43}",Physical/configuration records indexed; photo coverage assessed separately.,35,14,not assessed,42,True
3758943352,French Air Force,False,https://steamcommunity.com/sharedfiles/filedetails/?id=3758943352,130,35,"{""Aircraft & helicopters"": 80, ""Weapons & ammunition"": 50}",Physical/configuration records indexed; photo coverage assessed separately.,98,32,not assessed,35,True
3759042728,Mare Nostrum '28,True,https://steamcommunity.com/sharedfiles/filedetails/?id=3759042728,0,0,{},No physical definitions in exported top-level unit folders; campaign/UI/function content requires separate artwork review.,0,0,not assessed,0,True
3760871384,Dingtools Weapon Pack,False,https://steamcommunity.com/sharedfiles/filedetails/?id=3760871384,29,0,"{""Weapons & ammunition"": 29}",Physical/configuration records indexed; photo coverage assessed separately.,20,9,not assessed,0,True
3762023575,Su-30SM2,False,https://steamcommunity.com/sharedfiles/filedetails/?id=3762023575,3,220,"{""Aircraft & helicopters"": 1, ""Weapons & ammunition"": 2}",Physical/configuration records indexed; photo coverage assessed separately.,1,2,not assessed,220,True
3766210676,Saronic Corsair ASV,True,https://steamcommunity.com/sharedfiles/filedetails/?id=3766210676,10,5,"{""Ships"": 7, ""Weapons & ammunition"": 3}",Physical/configuration records indexed; photo coverage assessed separately.,1,9,not assessed,5,True
3768036424,BetterTacMap,False,https://steamcommunity.com/sharedfiles/filedetails/?id=3768036424,0,0,{},No physical definitions in exported top-level unit folders; campaign/UI/function content requires separate artwork review.,0,0,not assessed,0,True
3769142422,Rebuilt J-16 / J-16D,False,https://steamcommunity.com/sharedfiles/filedetails/?id=3769142422,12,9,"{""Aircraft & helicopters"": 2, ""Weapons & ammunition"": 10}",Physical/configuration records indexed; photo coverage assessed separately.,4,8,not assessed,9,True
3774105087,Automatic SAR,False,https://steamcommunity.com/sharedfiles/filedetails/?id=3774105087,0,0,{},No physical definitions in exported top-level unit folders; campaign/UI/function content requires separate artwork review.,0,0,not assessed,0,True
3774572038,PLAN Type 071 LPD,False,https://steamcommunity.com/sharedfiles/filedetails/?id=3774572038,3,9,"{""Aircraft & helicopters"": 1, ""Ships"": 1, ""Weapons & ammunition"": 1}",Physical/configuration records indexed; photo coverage assessed separately.,1,2,not assessed,9,True
3774746803,PLA Z-21,False,https://steamcommunity.com/sharedfiles/filedetails/?id=3774746803,6,5,"{""Aircraft & helicopters"": 1, ""Weapons & ammunition"": 5}",Physical/configuration records indexed; photo coverage assessed separately.,0,6,not assessed,5,True
3774859959,PLAN Type 001 Aircraft Carrier Liaoning,False,https://steamcommunity.com/sharedfiles/filedetails/?id=3774859959,5,9,"{""Ships"": 1, ""Weapons & ammunition"": 4}",Physical/configuration records indexed; photo coverage assessed separately.,1,4,not assessed,9,True
3775128499,PLAN Pack,False,https://steamcommunity.com/sharedfiles/filedetails/?id=3775128499,106,193,"{""Aircraft & helicopters"": 21, ""Ships"": 26, ""Submarines"": 2, ""Weapons & ammunition"": 57}",Physical/configuration records indexed; photo coverage assessed separately.,51,55,not assessed,193,True
3776340577,Ka-27RLD - Ka-31 AEW Helicopter,False,https://steamcommunity.com/sharedfiles/filedetails/?id=3776340577,1,1,"{""Aircraft & helicopters"": 1}",Physical/configuration records indexed; photo coverage assessed separately.,1,0,not assessed,1,True
3776730617,EUROMOD-Armada de Chile,True,https://steamcommunity.com/sharedfiles/filedetails/?id=3776730617,18,53,"{""Aircraft & helicopters"": 3, ""Ships"": 5, ""Submarines"": 2, ""Land units"": 1, ""Weapons & ammunition"": 7}",Physical/configuration records indexed; photo coverage assessed separately.,7,11,not assessed,53,True
3779799226,Operation STEADFAST LANTERN,True,https://steamcommunity.com/sharedfiles/filedetails/?id=3779799226,0,0,{},No physical definitions in exported top-level unit folders; campaign/UI/function content requires separate artwork review.,0,0,not assessed,0,True
3780118683,Tu-214R Family Pack,False,https://steamcommunity.com/sharedfiles/filedetails/?id=3780118683,8,19,"{""Aircraft & helicopters"": 3, ""Weapons & ammunition"": 5}",Physical/configuration records indexed; photo coverage assessed separately.,4,4,not assessed,19,True
3781062859,E-3G AWAC,False,https://steamcommunity.com/sharedfiles/filedetails/?id=3781062859,1,2,"{""Aircraft & helicopters"": 1}",Physical/configuration records indexed; photo coverage assessed separately.,1,0,not assessed,2,True
3782020901,Y-20 / KJ-3000,False,https://steamcommunity.com/sharedfiles/filedetails/?id=3782020901,7,2,"{""Aircraft & helicopters"": 5, ""Bases & installations"": 1, ""Weapons & ammunition"": 1}",Physical/configuration records indexed; photo coverage assessed separately.,4,3,not assessed,2,True
3784474738,Euromod - Anchorchain Expansion Pack,False,https://steamcommunity.com/sharedfiles/filedetails/?id=3784474738,4,183,"{""Weapons & ammunition"": 4}",Physical/configuration records indexed; photo coverage assessed separately.,0,4,not assessed,183,True
3789188689,PLA & PLAN & PLAAF AEP,False,https://steamcommunity.com/sharedfiles/filedetails/?id=3789188689,21,0,"{""Weapons & ammunition"": 21}",Physical/configuration records indexed; photo coverage assessed separately.,10,11,not assessed,0,True
3789208859,Euromod-South Korea Navy,False,https://steamcommunity.com/sharedfiles/filedetails/?id=3789208859,36,31,"{""Aircraft & helicopters"": 3, ""Ships"": 13, ""Land units"": 1, ""Weapons & ammunition"": 19}",Physical/configuration records indexed; photo coverage assessed separately.,13,23,not assessed,31,True
3790594162,Identify Expanded,False,https://steamcommunity.com/sharedfiles/filedetails/?id=3790594162,7,5,"{""Aircraft & helicopters"": 6, ""Weapons & ammunition"": 1}",Physical/configuration records indexed; photo coverage assessed separately.,3,4,not assessed,5,True
3796113927,RQ-180 White Bat Airframe,False,https://steamcommunity.com/sharedfiles/filedetails/?id=3796113927,2,8,"{""Aircraft & helicopters"": 1, ""Weapons & ammunition"": 1}",Physical/configuration records indexed; photo coverage assessed separately.,1,1,not assessed,8,True
3796349767,YF-23 Black Widow II,False,https://steamcommunity.com/sharedfiles/filedetails/?id=3796349767,10,12,"{""Aircraft & helicopters"": 1, ""Weapons & ammunition"": 9}",Physical/configuration records indexed; photo coverage assessed separately.,7,3,not assessed,12,True
3799742828,MiG-31 Foxhound,False,https://steamcommunity.com/sharedfiles/filedetails/?id=3799742828,9,6,"{""Aircraft & helicopters"": 3, ""Weapons & ammunition"": 6}",Physical/configuration records indexed; photo coverage assessed separately.,7,2,not assessed,6,True
3801363152,CH-53E Standalone v0.1.0,False,https://steamcommunity.com/sharedfiles/filedetails/?id=3801363152,4,6,"{""Aircraft & helicopters"": 2, ""Weapons & ammunition"": 2}",Physical/configuration records indexed; photo coverage assessed separately.,3,1,not assessed,6,True
3801549552,J-36 Tailless Fighter,False,https://steamcommunity.com/sharedfiles/filedetails/?id=3801549552,7,10,"{""Aircraft & helicopters"": 1, ""Weapons & ammunition"": 6}",Physical/configuration records indexed; photo coverage assessed separately.,1,6,not assessed,10,True
3802216383,JMSDF Hyūga Class — Hyūga & Ise,True,https://steamcommunity.com/sharedfiles/filedetails/?id=3802216383,2,5,"{""Ships"": 2}",Physical/configuration records indexed; photo coverage assessed separately.,1,1,not assessed,5,True
3804868806,Anduril FQ-44 Fury US Navy Carrier Wingmen,False,https://steamcommunity.com/sharedfiles/filedetails/?id=3804868806,10,9,"{""Aircraft & helicopters"": 6, ""Weapons & ammunition"": 4}",Physical/configuration records indexed; photo coverage assessed separately.,9,1,not assessed,9,True
3806197116,Civilian AS350 Ecureuil/AStar MOD,True,https://steamcommunity.com/sharedfiles/filedetails/?id=3806197116,1,0,"{""Aircraft & helicopters"": 1}",Physical/configuration records indexed; photo coverage assessed separately.,0,1,not assessed,0,True
3806466625,MV-22B Osprey Tiltrotor / JGSDF V-22B,False,https://steamcommunity.com/sharedfiles/filedetails/?id=3806466625,2,4,"{""Aircraft & helicopters"": 2}",Physical/configuration records indexed; photo coverage assessed separately.,0,2,not assessed,4,True
3806686336,Coordinated Strike Tool,False,https://steamcommunity.com/sharedfiles/filedetails/?id=3806686336,0,0,{},No physical definitions in exported top-level unit folders; campaign/UI/function content requires separate artwork review.,0,0,not assessed,0,True
3807164392,Euromod-India-Navy,True,https://steamcommunity.com/sharedfiles/filedetails/?id=3807164392,3,0,"{""Ships"": 2, ""Weapons & ammunition"": 1}",Physical/configuration records indexed; photo coverage assessed separately.,1,2,not assessed,0,True
3808882954,RC-135V/W Rivet Joint,False,https://steamcommunity.com/sharedfiles/filedetails/?id=3808882954,2,6,"{""Aircraft & helicopters"": 2}",Physical/configuration records indexed; photo coverage assessed separately.,2,0,not assessed,6,True
3810611344,MV-75 Cheyenne II,False,https://steamcommunity.com/sharedfiles/filedetails/?id=3810611344,4,1,"{""Aircraft & helicopters"": 2, ""Weapons & ammunition"": 2}",Physical/configuration records indexed; photo coverage assessed separately.,2,2,not assessed,1,True
3812111085,PLAAF Aircraft Pack,False,https://steamcommunity.com/sharedfiles/filedetails/?id=3812111085,101,41,"{""Aircraft & helicopters"": 22, ""Weapons & ammunition"": 79}",Physical/configuration records indexed; photo coverage assessed separately.,29,72,not assessed,41,True
3812140001,Pakistani Pack,True,https://steamcommunity.com/sharedfiles/filedetails/?id=3812140001,38,9,"{""Aircraft & helicopters"": 9, ""Ships"": 2, ""Submarines"": 2, ""Land units"": 3, ""Weapons & ammunition"": 22}",Physical/configuration records indexed; photo coverage assessed separately.,9,29,not assessed,9,True
3812454152,Euromod-Philippine-Navy,True,https://steamcommunity.com/sharedfiles/filedetails/?id=3812454152,5,0,"{""Ships"": 3, ""Weapons & ammunition"": 2}",Physical/configuration records indexed; photo coverage assessed separately.,3,2,not assessed,0,True
3813033771,EC-2 Stand Off Jammer,True,https://steamcommunity.com/sharedfiles/filedetails/?id=3813033771,1,4,"{""Aircraft & helicopters"": 1}",Physical/configuration records indexed; photo coverage assessed separately.,1,0,not assessed,4,True
