"WorkshopId","DisplayName","FilesCopied","Bytes"
"3373356293","Westland Lynx HAS.3","17","118915"
"3373960386","Flight Deck Ops","45","5244670"
"3378409795","Type 23 Frigate","14","139638"
"3380210757","Anchor Chain","1","157"
"3384079999","Humpback Whale","4","12419"
"3390330875","Euromod - Modern US Navy","276","6073424"
"3392434750","S-400 SAM","24","109347"
"3394781441","B-52G with AGM-86 ALCM(more realistic nuke)","17","105795"
"3395022688","Tu-95MS with AS-15 ALCM(more realistic nuke)","24","189218"
"3403661005","S-70B-2 Seahawk with AGM-114 'Hellfire' Missiles","17","101171"
"3403993583","Armed Oil Rig with helo","4","17532"
"3406985435","Kirov-class (Pyotr Velikiy Upgrade)","28","157665"
"3408662804","伊斯坎德尔","11","23233"
"3410473695","Ground upgrade: MBT","51","111309"
"3411341227","Tu-95K-22","7","29380"
"3412480633","Ground upgrade: IFV","36","82874"
"3413868677","Red Storm Arsenal","1062","20298412"
"3414146266","A-10","21","63113"
"3416372890","MIG-29A & F-16A","49","173819"
"3417446309","MIG-29 Family","52","415683"
"3417801942","PRC Chinese Navy (PLAN)","48","711295"
"3418252667","F-22","41","192333"
"3425450153","AH-64  Apache","46","219706"
"3430106996","Merchants Expanded","5","42967"
"3430135740","Murder Hornet with AIM-174B","39","254916"
"3432592449","Nimitz Expanded","3","170031"
"3432668460","Auxilliary Merchant Pack","22","346792"
"3433577445","PLAAF J-8","44","195348"
"3433957933","Virginia, Seawolf, and Ohio-class submarines","28","331034"
"3434072450","Sukhoi Su-27","72","395598"
"3434693420","F-15J Peace Eagle","8","28839"
"3436170138","PLAAF J-11","68","286629"
"3437105712","SAM Pack","58","265896"
"3438479626","1143.5 Kuznetsov","82","477533"
"3440622312","Anzac Class Frigate","38","115161"
"3444379330","Euromod-Dutch Navy","55","490038"
"3448845252","F-117","16","42668"
"3451166840","SU-25 Frogfoot","29","137468"
"3455404959","Royal Australian Defence Forces [v0.7.5.0.2]","501","3820220"
"3455931957","Sea Lynx","77","298591"
"3456859157","Mogami-class frigate","17","155386"
"3458148344","Mi-8EW","4","72312"
"3459682829","A-10C","32","88322"
"3461044389","Gerald R. Ford-class CVN","31","617851"
"3461091581","Air Deck Operations Upgrade - Nimitz (2000s)","7","1034799"
"3461519690","SCUD-B","10","24482"
"3465256032","Mi-8T/TV","20","54786"
"3468260539","Russian Submarines","66","573930"
"3468959181","U-2 Dragon Lady","11","80368"
"3470643173","日本陆上自卫队12式岸舰导弹系统","12","19534"
"3478767194","VH-3D Marine One Mod","8","20927"
"3480965706","B-2 Spirit","38","171680"
"3481228992","J10C","65","255985"
"3485917612","Moloti's Armed Merchantmen","37","558430"
"3486502935","Type 003 CV / future Type 004 CVN aircraft carriers","78","795548"
"3488139470","Modern Italian Navy - Euromod","75","850336"
"3491248180","The Royal Navy","459","2871541"
"3496055699","S-500","16","47784"
"3497601759","Shahed 136","15","36870"
"3499239964","E-7A Wedgetail","27","359801"
"3502273861","arrw","19","85482"
"3503594612","SU-57","38","185331"
"3503670861","General Atomics MQ-9 Reaper","32","94978"
"3505420313","Italian Navy mod","267","1790972"
"3506979898","J-16","36","205761"
"3508275114","Ground upgrade: SPAA","93","317027"
"3509329205","TU-160","34","159439"
"3513571010","Mil Mi-24 Hind","21","80677"
"3514484654","RAAF F-35A Lighting II","40","127501"
"3520352434","JAS-39 Gripen","37","133190"
"3524112296","Beriev a-50 series AEW&C AND Il-76 Airliner","65","241705"
"3526982088","JH7A","70","269387"
"3551621846","NEBO-U","5","4989"
"3551676319","SEJJIL (Ballistic Missiles)","10","21646"
"3553116604","F-15E StrikeEagle","34","111091"
"3555361900","Etendard Family Jets","51","244377"
"3558173926","David's Sling","14","27233"
"3559495372","Lockheed AC-130","46","174298"
"3567228449","French Helicopter Package","191","970525"
"3567256221","Charles De Gaulle & Modern French Navy","288","1284538"
"3575847216","Euromod-Addon Modern German Navy","138","2133804"
"3587091564","P-750 Meteorit-A","7","49037"
"3587877691","Eurofighter Typhoon","46","215617"
"3590477166","MH-60R","18","71000"
"3591563716","J-20A","32","111488"
"3591820675","F-8 十字军战士","67","505665"
"3592460366","Modern US Airbase","4","20448"
"3594891803","PLAN Submarines (039, 039A/B/C, 093/093A/093B, 094/094A)","154","2154471"
"3595014060","NATO E-3A Sentry","5","19172"
"3597650470","Russian Navy 21","123","1219917"
"3599752717","Modern British Navy - Euromod","111","677250"
"3600788156","Buildings and Objectives","50","75745"
"3601891050","中小型无人机系列","29","81420"
"3602046770","","15","35678"
"3603306548","俄国地面增强系列1：火炮","16","24599"
"3603367264","北约地面增强系列2：火炮","16","25480"
"3605013271","RE-power: the resupply mod","29","472541"
"3606134711","Custom Loadout Editor","157","427757"
"3606774881","U.S. Navy 2027 Capabilities","103","2535271"
"3607989779","F-35C Lightning II Alt. Loadouts","25","187050"
"3628201887","Clemenceau -class Aircraft Carrier","53","747246"
"3628203171","Bréguet Br.1050 Alizé","38","185010"
"3628247436","Sea Venom - Aquilon","31","73487"
"3629144864","Euromod - Main Pack","761","4323508"
"3629269283","Modern Russian Airbase","4","25482"
"3630495619","Spanish Navy Mod (Cold War)","182","870728"
"3631042692","Modern Chinese Airbase","4","25317"
"3636213685","wp_sattelite_center","8","15038"
"3636386513","F-15EX","34","152012"
"3637954857","KJ-500","45","202376"
"3642656500","Euromod-Scandinavian Navy","44","370073"
"3652097318","B-1B Lancer","36","110490"
"3652906664","S-300PMU2","27","74780"
"3659742367","Mig-35","34","156120"
"3663564190","Type003.CV-18.fujian.v0.02","117","624172"
"3670643788","J-50","35","139216"
"3672072359","Ultimate Missile Workshop","113","790309"
"3673250557","Saab Global Eye","14","36613"
"3673908868","TU-16N AIR TANKER","15","30664"
"3678767059","Euromod-Brazilian Armed Forces(2000)","113","958120"
"3681748718","ISKANDER-M","24","82628"
"3681873198","Pickup","49","117189"
"3683253079","THAAD & AN/TPY-2","15","24429"
"3695809489","Euromod-(Japan)JMSDF Modern navy","41","401450"
"3709961172","The Second Northern War","38","607132"
"3715323261","Tu-95MS","19","211520"
"3716049886","MORE SU24M VARIANTS","22","263881"
"3717610332","IL-78 TANKER","15","24554"
"3722749887","KC-135 Stratotanker","19","200795"
"3729578404","PLAAF J-11BS","12","47199"
"3729579342","PLAAF Su-27UBK","12","49930"
"3731208477","Spanish Navy Mod (Modern)","125","857212"
"3732654992","THE REDFOR MOD","299","1371464"
"3733719765","中国地面单位包","236","907854"
"3736147136","French army vehicule","121","254427"
"3737267013","US Naval Aviation","265","2178038"
"3740293822","KC-10A Extender by ZeroTwo","8","23112"
"3741944366","B-52H","26","83079"
"3744475027","Boeing KC-46 Pegasus by ZeroTwo","12","42418"
"3746453639","Civil Aircraft Mod","17","62585"
"3752415457","Philippines: The Luzon Line [v0.8.3.03.10]","84","607948"
"3755769170","F-2A 'Viper Zero'","53","254437"
"3758320372","F-16C Fighting Falcon (by ZeroTwo)","113","469442"
"3758943352","French Air Force","354","2268386"
"3759042728","Mare Nostrum '28","40","349861"
"3760871384","Dingtools Weapon Pack","53","181091"
"3762023575","Su-30SM2","10","195920"
"3766210676","Saronic Corsair ASV","40","103017"
"3768036424","BetterTacMap","2","1687"
"3769142422","Rebuilt J-16 / J-16D","57","225966"
"3774105087","Automatic SAR","10","15526"
"3774572038","PLAN Type 071 LPD","41","66006"
"3774746803","PLA Z-21","33","46695"
"3774859959","PLAN Type 001 Aircraft Carrier Liaoning","30","88646"
"3775128499","PLAN Pack","347","3779820"
"3776340577","Ka-27RLD - Ka-31 AEW Helicopter","8","30074"
"3776730617","EUROMOD-Armada de Chile","117","621046"
"3779799226","Operation STEADFAST LANTERN","15","135164"
"3780118683","Tu-214R Family Pack","26","120312"
"3781062859","E-3G AWAC","18","22087"
"3782020901","Y-20 / KJ-3000","29","194347"
"3784474738","Euromod - Anchorchain Expansion Pack","970","2297993"
"3789188689","PLA & PLAN & PLAAF AEP","37","75689"
"3789208859","Euromod-South Korea Navy","133","1193125"
"3790594162","Identify Expanded","135","1349173"
"3796113927","RQ-180 White Bat Airframe","26","94079"
"3796349767","YF-23 Black Widow II","69","234508"
"3799742828","MiG-31 Foxhound","31","129578"
"3801363152","CH-53E Standalone v0.1.0","44","92099"
"3801549552","J-36 Tailless Fighter","29","254932"
"3804868806","Anduril FQ-44 Fury US Navy Carrier Wingmen","62","1213132"
"3806466625","MV-22B Osprey Tiltrotor / JGSDF V-22B","26","86452"
"3806686336","Coordinated Strike Tool","1","350"
"3807164392","Euromod-India-Navy","15","148403"
"3808882954","RC-135V/W Rivet Joint","16","24118"
"3810611344","MV-75 Cheyenne II","245","571532"
"3812111085","PLAAF Aircraft Pack","211","1220376"
"3812140001","Pakistani Pack","75","673696"
"3812454152","Euromod-Philippine-Navy","21","123306"
"3813033771","EC-2 Stand Off Jammer","51","116729"
